time;avg_velo;frac_wait;numb_cars;numb_cars_in;numb_cars_out;avg_velo_in_traffic;
60.049999999998725;22.049822737026442;0.0;2;2;0;22.049822737026442;
120.04999999999532;0.9999999926279665;0.0;1;1;0;0.9999999926279665;
180.00000000000668;46.84516394634809;0.0;1;1;0;46.84516394634809;
240.00000000002032;NaN;NaN;0;0;0;NaN;
300.00000000003394;0.5;0.0;1;1;0;0.5;
360.0000000000476;NaN;NaN;0;0;0;NaN;
420.0000000000612;NaN;NaN;0;0;0;NaN;
480.00000000007486;0.5226993517886579;0.0;1;1;0;0.5226993517886579;
540.0000000000566;NaN;NaN;0;0;0;NaN;
600.000000000002;0.5;0.0;1;1;0;0.5;
660.0499999999474;1.000585275690855;0.0;2;2;0;1.000585275690855;
720.0499999998929;NaN;NaN;0;0;0;NaN;
780.0499999998383;19.30849623308252;0.0;2;2;0;19.30849623308252;
840.0499999997837;NaN;NaN;0;0;0;NaN;
900.0499999997292;NaN;NaN;0;0;0;NaN;
960.0499999996746;NaN;NaN;0;0;0;NaN;
1020.04999999962;NaN;NaN;0;0;0;NaN;
1080.0499999995654;49.20253610076688;0.0;1;1;0;49.20253610076688;
1140.0499999995109;0.9100124332215735;0.0;1;1;0;0.9100124332215735;
1200.0499999994563;NaN;NaN;0;0;0;NaN;
1260.0499999994017;2.180935739546168;0.0;1;1;0;2.180935739546168;
1320.0499999993472;1.0904681453111533;0.0;1;1;0;1.0904681453111533;
1380.0499999992926;NaN;NaN;0;0;0;NaN;
1440.049999999238;NaN;NaN;0;0;0;NaN;
1500.0499999991835;NaN;NaN;0;0;0;NaN;
1560.0499999991289;19.70668178813307;0.0;2;2;0;19.70668178813307;
1620.0499999990743;NaN;NaN;0;0;0;NaN;
1680.0499999990197;25.07361688590916;0.0;4;4;0;25.07361688590916;
1740.0499999989652;NaN;NaN;0;0;0;NaN;
1800.0499999989106;0.9999999957913295;0.0;1;1;0;0.9999999957913295;
1860.049999998856;NaN;NaN;0;0;0;NaN;
1920.0499999988015;NaN;NaN;0;0;0;NaN;
1980.049999998747;NaN;NaN;0;0;0;NaN;
2040.0499999986923;1.0788190450177808;0.0;1;1;0;1.0788190450177808;
2100.0499999988742;NaN;NaN;0;0;0;NaN;
2160.0499999990925;NaN;NaN;0;0;0;NaN;
2220.049999999311;NaN;NaN;0;0;0;NaN;
2280.049999999529;1.0388805662868676;0.0;1;1;0;1.0388805662868676;
2340.0499999997473;1.0150387011601358;0.0;1;1;0;1.0150387011601358;
2400.0499999999656;NaN;NaN;0;0;0;NaN;
2460.0000000001837;NaN;NaN;0;0;0;NaN;
2520.000000000402;10.942722927283159;0.0;2;2;0;10.942722927283159;
2580.0000000006203;0.229354264252016;0.0;2;2;0;0.229354264252016;
2640.0000000008386;0.46038484904167243;0.0;1;1;0;0.46038484904167243;
2700.000000001057;13.763435076612682;0.0;3;3;0;13.763435076612682;
2760.000000001275;1.251275033711102;0.0;2;2;0;1.251275033711102;
2820.0000000014934;NaN;NaN;0;0;0;NaN;
2880.0000000017117;0.5131341241639262;0.0;1;1;0;0.5131341241639262;
2940.00000000193;NaN;NaN;0;0;0;NaN;
3000.000000002148;NaN;NaN;0;0;0;NaN;
3060.0000000023665;NaN;NaN;0;0;0;NaN;
3120.000000002585;0.5081993840315122;0.0;2;2;0;0.5081993840315122;
3180.000000002803;0.5;0.0;1;1;0;0.5;
3240.0000000030213;6.999611199720434;0.0;1;1;0;6.999611199720434;
3300.0000000032396;NaN;NaN;0;0;0;NaN;
3360.000000003458;NaN;NaN;0;0;0;NaN;
3420.000000003676;0.5333565411217013;0.0;1;1;0;0.5333565411217013;
3480.0000000038945;NaN;NaN;0;0;0;NaN;
3540.0000000041127;0.5213860944886198;0.0;1;1;0;0.5213860944886198;
3600.000000004331;6.179233140491843;0.0;1;1;0;6.179233140491843;
3660.0000000045493;0.2598414647137044;0.5;2;2;0;0.2598414647137044;
3720.0000000047676;NaN;NaN;0;0;0;NaN;
3780.000000004986;NaN;NaN;0;0;0;NaN;
3840.000000005204;NaN;NaN;0;0;0;NaN;
3900.0000000054224;NaN;NaN;0;0;0;NaN;
3960.0000000056407;NaN;NaN;0;0;0;NaN;
4020.000000005859;NaN;NaN;0;0;0;NaN;
4080.0000000060772;NaN;NaN;0;0;0;NaN;
4140.0000000062955;0.4743446956328503;0.0;1;1;0;0.4743446956328503;
4200.000000006514;34.977558688001864;0.0;2;2;0;34.977558688001864;
4260.000000006732;0.5;0.0;1;1;0;0.5;
4320.00000000695;NaN;NaN;0;0;0;NaN;
4380.000000007169;NaN;NaN;0;0;0;NaN;
4440.000000007387;NaN;NaN;0;0;0;NaN;
4500.000000007605;NaN;NaN;0;0;0;NaN;
4560.0000000078235;NaN;NaN;0;0;0;NaN;
4620.000000008042;47.370340007918735;0.0;1;1;0;47.370340007918735;
4680.00000000826;NaN;NaN;0;0;0;NaN;
4740.000000008478;0.5382607044049217;0.0;1;1;0;0.5382607044049217;
4800.000000008697;NaN;NaN;0;0;0;NaN;
4860.000000008915;48.829030130102204;0.0;1;1;0;48.829030130102204;
4920.000000009133;NaN;NaN;0;0;0;NaN;
4980.000000009351;0.5;0.0;1;1;0;0.5;
5040.00000000957;NaN;NaN;0;0;0;NaN;
5100.000000009788;0.5100227261398208;0.0;1;1;0;0.5100227261398208;
5160.000000010006;NaN;NaN;0;0;0;NaN;
5220.0000000102245;NaN;NaN;0;0;0;NaN;
5280.000000010443;8.26030362224487;0.0;2;2;0;8.26030362224487;
5340.000000010661;NaN;NaN;0;0;0;NaN;
5400.000000010879;NaN;NaN;0;0;0;NaN;
5460.000000011098;NaN;NaN;0;0;0;NaN;
5520.000000011316;0.47197918898634383;0.0;1;1;0;0.47197918898634383;
5580.000000011534;0.47197918898634383;0.0;1;1;0;0.47197918898634383;
5640.0000000117525;NaN;NaN;0;0;0;NaN;
5700.000000011971;0.4877885191632596;0.0;1;1;0;0.4877885191632596;
5760.000000012189;NaN;NaN;0;0;0;NaN;
5820.000000012407;0.4854759835174378;0.0;1;1;0;0.4854759835174378;
5880.000000012626;44.655540008278315;0.0;1;1;0;44.655540008278315;
5940.000000012844;NaN;NaN;0;0;0;NaN;
6000.000000013062;NaN;NaN;0;0;0;NaN;
6060.00000001328;NaN;NaN;0;0;0;NaN;
6120.000000013499;NaN;NaN;0;0;0;NaN;
6180.000000013717;8.702239936913864;0.0;2;2;0;8.702239936913864;
6240.000000013935;0.5169376317822348;0.0;1;1;0;0.5169376317822348;
6300.000000014154;12.700515832924392;0.0;1;1;0;12.700515832924392;
6360.000000014372;16.563909042722575;0.0;1;1;0;16.563909042722575;
6420.00000001459;NaN;NaN;0;0;0;NaN;
6480.000000014808;NaN;NaN;0;0;0;NaN;
6540.000000015027;NaN;NaN;0;0;0;NaN;
6600.000000015245;NaN;NaN;0;0;0;NaN;
6660.000000015463;NaN;NaN;0;0;0;NaN;
6720.0000000156815;NaN;NaN;0;0;0;NaN;
6780.0000000159;NaN;NaN;0;0;0;NaN;
6840.000000016118;NaN;NaN;0;0;0;NaN;
6900.000000016336;NaN;NaN;0;0;0;NaN;
6960.000000016555;NaN;NaN;0;0;0;NaN;
7020.000000016773;NaN;NaN;0;0;0;NaN;
7080.000000016991;NaN;NaN;0;0;0;NaN;
7140.0000000172095;0.5;0.0;1;1;0;0.5;
7200.000000017428;NaN;NaN;0;0;0;NaN;
7260.000000017646;NaN;NaN;0;0;0;NaN;
7320.000000017864;NaN;NaN;0;0;0;NaN;
7380.000000018083;0.5317921001617187;0.0;1;1;0;0.5317921001617187;
7440.000000018301;NaN;NaN;0;0;0;NaN;
7500.000000018519;0.4923280282135563;0.0;1;1;0;0.4923280282135563;
7560.000000018737;NaN;NaN;0;0;0;NaN;
7620.000000018956;0.5484204661108584;0.0;1;1;0;0.5484204661108584;
7680.000000019174;0.5;0.0;1;1;0;0.5;
7740.000000019392;NaN;NaN;0;0;0;NaN;
7800.0000000196105;NaN;NaN;0;0;0;NaN;
7860.000000019829;NaN;NaN;0;0;0;NaN;
7920.000000020047;NaN;NaN;0;0;0;NaN;
7980.000000020265;NaN;NaN;0;0;0;NaN;
8040.000000020484;NaN;NaN;0;0;0;NaN;
8100.000000020702;NaN;NaN;0;0;0;NaN;
8160.00000002092;NaN;NaN;0;0;0;NaN;
8220.00000002063;NaN;NaN;0;0;0;NaN;
8280.000000019756;NaN;NaN;0;0;0;NaN;
8340.000000018883;NaN;NaN;0;0;0;NaN;
8400.00000001801;0.491490426464017;0.0;1;1;0;0.491490426464017;
8460.000000017137;12.144657175690867;0.0;2;2;0;12.144657175690867;
8520.000000016264;48.17777078507138;0.0;1;1;0;48.17777078507138;
8580.00000001539;0.5;0.0;1;1;0;0.5;
8640.000000014517;24.518041855371035;0.0;2;2;0;24.518041855371035;
8700.000000013644;NaN;NaN;0;0;0;NaN;
8760.000000012771;NaN;NaN;0;0;0;NaN;
8820.000000011898;NaN;NaN;0;0;0;NaN;
8880.000000011025;NaN;NaN;0;0;0;NaN;
8940.000000010152;NaN;NaN;0;0;0;NaN;
9000.000000009279;47.90607736595262;0.0;1;1;0;47.90607736595262;
9060.000000008406;NaN;NaN;0;0;0;NaN;
9120.000000007532;NaN;NaN;0;0;0;NaN;
9180.00000000666;NaN;NaN;0;0;0;NaN;
9240.000000005786;NaN;NaN;0;0;0;NaN;
9300.000000004913;0.5427918253252456;0.0;1;1;0;0.5427918253252456;
9360.00000000404;NaN;NaN;0;0;0;NaN;
9420.000000003167;NaN;NaN;0;0;0;NaN;
9480.000000002294;NaN;NaN;0;0;0;NaN;
9540.00000000142;0.5010368917973407;0.0;1;1;0;0.5010368917973407;
9600.000000000548;NaN;NaN;0;0;0;NaN;
9660.049999999674;NaN;NaN;0;0;0;NaN;
9720.0499999988;28.875429219298137;0.0;1;1;0;28.875429219298137;
9780.049999997927;NaN;NaN;0;0;0;NaN;
9840.049999997054;1.0598387663902944;0.0;1;1;0;1.0598387663902944;
9900.049999996181;24.03040198656702;0.0;2;2;0;24.03040198656702;
9960.049999995308;NaN;NaN;0;0;0;NaN;
10020.049999994435;0.9505312623201226;0.0;1;1;0;0.9505312623201226;
10080.049999993562;NaN;NaN;0;0;0;NaN;
10140.049999992689;NaN;NaN;0;0;0;NaN;
10200.049999991816;NaN;NaN;0;0;0;NaN;
10260.049999990943;NaN;NaN;0;0;0;NaN;
10320.04999999007;NaN;NaN;0;0;0;NaN;
10380.049999989196;NaN;NaN;0;0;0;NaN;
10440.049999988323;NaN;NaN;0;0;0;NaN;
10500.04999998745;NaN;NaN;0;0;0;NaN;
10560.049999986577;NaN;NaN;0;0;0;NaN;
10620.049999985704;0.94738956267388;0.0;1;1;0;0.94738956267388;
10680.04999998483;0.9999999965449273;0.0;1;1;0;0.9999999965449273;
10740.049999983958;0.9999999965627671;0.0;1;1;0;0.9999999965627671;
10800.049999983084;NaN;NaN;0;0;0;NaN;
10860.049999982211;NaN;NaN;0;0;0;NaN;
10920.049999981338;1.0513274602225868;0.0;1;1;0;1.0513274602225868;
10980.049999980465;0.9999999948559897;0.0;1;1;0;0.9999999948559897;
11040.049999979592;NaN;NaN;0;0;0;NaN;
11100.049999978719;NaN;NaN;0;0;0;NaN;
11160.049999977846;9.775482612148378;0.0;1;1;0;9.775482612148378;
11220.049999976973;1.0293341413604122;0.0;1;1;0;1.0293341413604122;
11280.0499999761;NaN;NaN;0;0;0;NaN;
11340.049999975226;NaN;NaN;0;0;0;NaN;
11400.049999974353;NaN;NaN;0;0;0;NaN;
11460.04999997348;NaN;NaN;0;0;0;NaN;
11520.049999972607;NaN;NaN;0;0;0;NaN;
11580.049999971734;NaN;NaN;0;0;0;NaN;
11640.04999997086;NaN;NaN;0;0;0;NaN;
11700.049999969988;NaN;NaN;0;0;0;NaN;
11760.049999969115;NaN;NaN;0;0;0;NaN;
11820.049999968242;NaN;NaN;0;0;0;NaN;
11880.049999967368;NaN;NaN;0;0;0;NaN;
11940.049999966495;NaN;NaN;0;0;0;NaN;
12000.049999965622;NaN;NaN;0;0;0;NaN;
12060.049999964749;NaN;NaN;0;0;0;NaN;
12120.049999963876;49.39799256153968;0.0;1;1;0;49.39799256153968;
12180.049999963003;1.0062544951412364;0.0;1;1;0;1.0062544951412364;
12240.04999996213;NaN;NaN;0;0;0;NaN;
12300.049999961257;48.328152627815655;0.0;1;1;0;48.328152627815655;
12360.049999960384;NaN;NaN;0;0;0;NaN;
12420.04999995951;NaN;NaN;0;0;0;NaN;
12480.049999958637;53.837543736949755;0.0;1;1;0;53.837543736949755;
12540.049999957764;NaN;NaN;0;0;0;NaN;
12600.049999956891;NaN;NaN;0;0;0;NaN;
12660.049999956018;0.9999999928626957;0.0;1;1;0;0.9999999928626957;
12720.049999955145;NaN;NaN;0;0;0;NaN;
12780.049999954272;NaN;NaN;0;0;0;NaN;
12840.049999953399;NaN;NaN;0;0;0;NaN;
12900.049999952525;47.695869693854;0.0;1;1;0;47.695869693854;
12960.049999951652;NaN;NaN;0;0;0;NaN;
13020.04999995078;NaN;NaN;0;0;0;NaN;
13080.049999949906;NaN;NaN;0;0;0;NaN;
13140.049999949033;0.9999999961870221;0.0;1;1;0;0.9999999961870221;
13200.04999994816;NaN;NaN;0;0;0;NaN;
13260.049999947287;NaN;NaN;0;0;0;NaN;
13320.049999946414;0.9854438287582548;0.0;1;1;0;0.9854438287582548;
13380.04999994554;NaN;NaN;0;0;0;NaN;
13440.049999944667;NaN;NaN;0;0;0;NaN;
13500.049999943794;NaN;NaN;0;0;0;NaN;
13560.049999942921;NaN;NaN;0;0;0;NaN;
13620.049999942048;NaN;NaN;0;0;0;NaN;
13680.049999941175;NaN;NaN;0;0;0;NaN;
13740.049999940302;0.978546341255691;0.0;1;1;0;0.978546341255691;
13800.049999939429;NaN;NaN;0;0;0;NaN;
13860.049999938556;NaN;NaN;0;0;0;NaN;
13920.049999937683;NaN;NaN;0;0;0;NaN;
13980.04999993681;NaN;NaN;0;0;0;NaN;
14040.049999935936;NaN;NaN;0;0;0;NaN;
14100.049999935063;0.999999996418787;0.0;1;1;0;0.999999996418787;
14160.04999993419;0.9999999943086243;0.0;1;1;0;0.9999999943086243;
14220.049999933317;NaN;NaN;0;0;0;NaN;
14280.049999932444;0.9974870870573285;0.0;1;1;0;0.9974870870573285;
14340.04999993157;NaN;NaN;0;0;0;NaN;
14400.049999930698;NaN;NaN;0;0;0;NaN;
14460.049999929824;NaN;NaN;0;0;0;NaN;
14520.049999928951;51.44374651264203;0.0;1;1;0;51.44374651264203;
14580.049999928078;NaN;NaN;0;0;0;NaN;
14640.049999927205;NaN;NaN;0;0;0;NaN;
14700.049999926332;NaN;NaN;0;0;0;NaN;
14760.049999925459;NaN;NaN;0;0;0;NaN;
14820.049999924586;NaN;NaN;0;0;0;NaN;
14880.049999923713;1.055766105408554;0.0;1;1;0;1.055766105408554;
14940.04999992284;35.749698267817465;0.0;1;1;0;35.749698267817465;
15000.049999921966;NaN;NaN;0;0;0;NaN;
15060.049999921093;NaN;NaN;0;0;0;NaN;
15120.04999992022;7.9439788151766235;0.0;1;1;0;7.9439788151766235;
15180.049999919347;NaN;NaN;0;0;0;NaN;
15240.049999918474;NaN;NaN;0;0;0;NaN;
15300.0499999176;NaN;NaN;0;0;0;NaN;
15360.049999916728;47.65889116506651;0.0;1;1;0;47.65889116506651;
15420.049999915855;NaN;NaN;0;0;0;NaN;
15480.049999914982;NaN;NaN;0;0;0;NaN;
15540.049999914108;0.9657513943845734;0.0;1;1;0;0.9657513943845734;
15600.049999913235;NaN;NaN;0;0;0;NaN;
15660.049999912362;1.07690058882135;0.0;1;1;0;1.07690058882135;
15720.049999911489;0.9435251025782748;0.0;1;1;0;0.9435251025782748;
15780.049999910616;NaN;NaN;0;0;0;NaN;
15840.049999909743;NaN;NaN;0;0;0;NaN;
15900.04999990887;NaN;NaN;0;0;0;NaN;
15960.049999907997;NaN;NaN;0;0;0;NaN;
16020.049999907123;0.9231985982739541;0.0;1;1;0;0.9231985982739541;
16080.04999990625;0.9942397708545314;0.0;1;1;0;0.9942397708545314;
16140.049999905377;NaN;NaN;0;0;0;NaN;
16200.049999904504;NaN;NaN;0;0;0;NaN;
16260.049999903631;50.97385991339177;0.0;1;1;0;50.97385991339177;
16320.049999902758;NaN;NaN;0;0;0;NaN;
16380.049999901885;NaN;NaN;0;0;0;NaN;
16440.049999901014;NaN;NaN;0;0;0;NaN;
16500.04999990014;NaN;NaN;0;0;0;NaN;
16560.049999899267;48.473585841379574;0.0;1;1;0;48.473585841379574;
16620.049999898394;NaN;NaN;0;0;0;NaN;
16680.04999989752;NaN;NaN;0;0;0;NaN;
16740.049999896648;NaN;NaN;0;0;0;NaN;
16800.049999895775;NaN;NaN;0;0;0;NaN;
16860.0499998949;NaN;NaN;0;0;0;NaN;
16920.04999989403;NaN;NaN;0;0;0;NaN;
16980.049999893155;NaN;NaN;0;0;0;NaN;
17040.049999892282;NaN;NaN;0;0;0;NaN;
17100.04999989141;1.0121074034773359;0.0;1;1;0;1.0121074034773359;
17160.049999890536;NaN;NaN;0;0;0;NaN;
17220.049999889663;NaN;NaN;0;0;0;NaN;
17280.04999988879;32.401648463746476;0.0;1;1;0;32.401648463746476;
17340.049999887917;NaN;NaN;0;0;0;NaN;
17400.049999887044;NaN;NaN;0;0;0;NaN;
17460.04999988617;NaN;NaN;0;0;0;NaN;
17520.049999885297;NaN;NaN;0;0;0;NaN;
17580.049999884424;NaN;NaN;0;0;0;NaN;
17640.04999988355;NaN;NaN;0;0;0;NaN;
17700.049999882678;NaN;NaN;0;0;0;NaN;
17760.049999881805;0.9540603894832285;0.0;1;1;0;0.9540603894832285;
17820.049999880932;0.5054431817803646;0.5;2;2;0;0.5054431817803646;
17880.04999988006;NaN;NaN;0;0;0;NaN;
17940.049999879186;34.52218155747648;0.0;1;1;0;34.52218155747648;
18000.049999878313;NaN;NaN;0;0;0;NaN;
18060.04999987744;NaN;NaN;0;0;0;NaN;
18120.049999876566;28.071591840448612;0.0;2;2;0;28.071591840448612;
18180.049999875693;0.9298332772654824;0.0;1;1;0;0.9298332772654824;
18240.04999987482;NaN;NaN;0;0;0;NaN;
18300.049999873947;NaN;NaN;0;0;0;NaN;
18360.049999873074;0.9999999965805283;0.0;1;1;0;0.9999999965805283;
18420.0499998722;0.60033979628491;0.5;2;2;0;0.60033979628491;
18480.049999871328;NaN;NaN;0;0;0;NaN;
18540.049999870454;NaN;NaN;0;0;0;NaN;
18600.04999986958;NaN;NaN;0;0;0;NaN;
18660.04999986871;NaN;NaN;0;0;0;NaN;
18720.049999867835;NaN;NaN;0;0;0;NaN;
18780.049999866962;0.9367896349303954;0.0;1;1;0;0.9367896349303954;
18840.04999986609;NaN;NaN;0;0;0;NaN;
18900.049999865216;NaN;NaN;0;0;0;NaN;
18960.049999864343;NaN;NaN;0;0;0;NaN;
19020.04999986347;NaN;NaN;0;0;0;NaN;
19080.049999862596;NaN;NaN;0;0;0;NaN;
19140.049999861723;NaN;NaN;0;0;0;NaN;
19200.04999986085;NaN;NaN;0;0;0;NaN;
19260.049999859977;1.0746041712797816;0.0;2;2;0;1.0746041712797816;
19320.049999859104;NaN;NaN;0;0;0;NaN;
19380.04999985823;NaN;NaN;0;0;0;NaN;
19440.049999857358;NaN;NaN;0;0;0;NaN;
19500.049999856485;0.9040469479650836;0.0;1;1;0;0.9040469479650836;
19560.04999985561;NaN;NaN;0;0;0;NaN;
19620.04999985474;NaN;NaN;0;0;0;NaN;
19680.049999853865;1.076970737206766;0.0;1;1;0;1.076970737206766;
19740.049999852992;0.9192749336462248;0.0;1;1;0;0.9192749336462248;
19800.04999985212;0.9999999956483481;0.0;1;1;0;0.9999999956483481;
19860.049999851246;NaN;NaN;0;0;0;NaN;
19920.049999850373;0.9750805156354578;0.0;1;1;0;0.9750805156354578;
19980.0499998495;NaN;NaN;0;0;0;NaN;
20040.049999848627;NaN;NaN;0;0;0;NaN;
20100.049999847753;0.4999999971266126;0.0;2;2;0;0.4999999971266126;
20160.04999984688;1.0638733430721614;0.0;1;1;0;1.0638733430721614;
20220.049999846007;NaN;NaN;0;0;0;NaN;
20280.049999845134;21.808082697895294;0.0;1;1;0;21.808082697895294;
20340.04999984426;NaN;NaN;0;0;0;NaN;
20400.049999843388;18.96466345846514;0.0;1;1;0;18.96466345846514;
20460.049999842515;48.60312533191682;0.0;1;1;0;48.60312533191682;
20520.04999984164;NaN;NaN;0;0;0;NaN;
20580.04999984077;NaN;NaN;0;0;0;NaN;
20640.049999839895;NaN;NaN;0;0;0;NaN;
20700.049999839022;48.49116433654119;0.0;1;1;0;48.49116433654119;
20760.04999983815;1.0276136502491813;0.0;1;1;0;1.0276136502491813;
20820.049999837276;NaN;NaN;0;0;0;NaN;
20880.049999836403;6.170644057173724;0.0;2;2;0;6.170644057173724;
20940.04999983553;NaN;NaN;0;0;0;NaN;
21000.049999834657;2.45937776878407;0.0;2;2;0;2.45937776878407;
21060.049999833784;0.916098978934252;0.0;1;1;0;0.916098978934252;
21120.04999983291;NaN;NaN;0;0;0;NaN;
21180.049999832037;NaN;NaN;0;0;0;NaN;
21240.049999831164;NaN;NaN;0;0;0;NaN;
21300.04999983029;0.9757707923159453;0.0;1;1;0;0.9757707923159453;
21360.049999829418;0.9325336060443264;0.0;1;1;0;0.9325336060443264;
21420.049999828545;NaN;NaN;0;0;0;NaN;
21480.049999827672;NaN;NaN;0;0;0;NaN;
21540.0499998268;0.9961842444603415;0.0;2;2;0;0.9961842444603415;
21600.049999825926;NaN;NaN;0;0;0;NaN;
21660.049999825053;0.9443043144380141;0.0;1;1;0;0.9443043144380141;
21720.04999982418;1.0482649972651399;0.0;1;1;0;1.0482649972651399;
21780.049999823306;37.57329253217087;0.0;1;1;0;37.57329253217087;
21840.049999822433;50.94870462671816;0.0;1;1;0;50.94870462671816;
21900.04999982156;NaN;NaN;0;0;0;NaN;
21960.049999820687;NaN;NaN;0;0;0;NaN;
22020.049999819814;52.13790495474372;0.0;1;1;0;52.13790495474372;
22080.04999981894;NaN;NaN;0;0;0;NaN;
22140.049999818068;NaN;NaN;0;0;0;NaN;
22200.049999817194;NaN;NaN;0;0;0;NaN;
22260.04999981632;NaN;NaN;0;0;0;NaN;
22320.04999981545;1.028815460174203;0.0;1;1;0;1.028815460174203;
22380.049999814575;0.9999999932805738;0.0;1;1;0;0.9999999932805738;
22440.049999813702;NaN;NaN;0;0;0;NaN;
22500.04999981283;NaN;NaN;0;0;0;NaN;
22560.049999811956;NaN;NaN;0;0;0;NaN;
22620.049999811083;NaN;NaN;0;0;0;NaN;
22680.04999981021;0.9349816083976558;0.0;1;1;0;0.9349816083976558;
22740.049999809336;NaN;NaN;0;0;0;NaN;
22800.049999808463;NaN;NaN;0;0;0;NaN;
22860.04999980759;48.54882304730714;0.0;1;1;0;48.54882304730714;
22920.049999806717;0.9860505178659774;0.0;2;2;0;0.9860505178659774;
22980.049999805844;0.9875120602813144;0.0;2;2;0;0.9875120602813144;
23040.04999980497;NaN;NaN;0;0;0;NaN;
23100.049999804098;NaN;NaN;0;0;0;NaN;
23160.049999803225;NaN;NaN;0;0;0;NaN;
23220.04999980235;50.85172631105684;0.0;1;1;0;50.85172631105684;
23280.04999980148;1.3375542702292103;0.0;4;4;0;1.3375542702292103;
23340.049999800605;0.9769668060808191;0.0;1;1;0;0.9769668060808191;
23400.049999799732;11.903574756634747;0.0;2;2;0;11.903574756634747;
23460.04999979886;NaN;NaN;0;0;0;NaN;
23520.049999797986;NaN;NaN;0;0;0;NaN;
23580.049999797113;0.9956889425627553;0.0;1;1;0;0.9956889425627553;
23640.04999979624;NaN;NaN;0;0;0;NaN;
23700.049999795367;25.085977425312695;0.0;3;3;0;25.085977425312695;
23760.049999794493;NaN;NaN;0;0;0;NaN;
23820.04999979362;0.9943159660660582;0.0;2;2;0;0.9943159660660582;
23880.049999792747;9.538257974504887;0.0;2;2;0;9.538257974504887;
23940.049999791874;0.9261815157680814;0.0;1;1;0;0.9261815157680814;
24000.049999791;NaN;NaN;0;0;0;NaN;
24060.049999790128;31.298924716571786;0.0;1;1;0;31.298924716571786;
24120.049999789255;26.875853310322725;0.0;1;1;0;26.875853310322725;
24180.04999978838;NaN;NaN;0;0;0;NaN;
24240.04999978751;1.0828288234439456;0.0;1;1;0;1.0828288234439456;
24300.049999786635;NaN;NaN;0;0;0;NaN;
24360.049999785762;0.9138836912223621;0.0;1;1;0;0.9138836912223621;
24420.04999978489;0.9999999941856013;0.0;1;1;0;0.9999999941856013;
24480.049999784016;3.358792409593991;0.0;4;4;0;3.358792409593991;
24540.049999783143;NaN;NaN;0;0;0;NaN;
24600.04999978227;17.368408002648827;0.0;1;1;0;17.368408002648827;
24660.049999781397;0.9626491087886184;0.0;1;1;0;0.9626491087886184;
24720.049999780524;47.893913687734894;0.0;1;1;0;47.893913687734894;
24780.04999977965;NaN;NaN;0;0;0;NaN;
24840.049999778777;1.0437401044925558;0.0;1;1;0;1.0437401044925558;
24900.049999777904;17.029332341146397;0.0;2;2;0;17.029332341146397;
24960.04999977703;10.966523117918085;0.0;2;2;0;10.966523117918085;
25020.049999776158;1.043422384749476;0.0;1;1;0;1.043422384749476;
25080.049999775285;NaN;NaN;0;0;0;NaN;
25140.049999774412;NaN;NaN;0;0;0;NaN;
25200.04999977354;16.532482141711082;0.0;3;3;0;16.532482141711082;
25260.049999772666;1.0943426424180038;0.0;1;1;0;1.0943426424180038;
25320.049999771792;23.37749567260429;0.0;2;2;0;23.37749567260429;
25380.04999977092;12.124599913057876;0.0;2;2;0;12.124599913057876;
25440.049999770046;13.355039911225283;0.0;3;3;0;13.355039911225283;
25500.049999769173;2.6673083012167638;0.0;3;3;0;2.6673083012167638;
25560.0499997683;21.13253376052114;0.0;4;4;0;21.13253376052114;
25620.049999767427;16.979751866115134;0.0;4;4;0;16.979751866115134;
25680.049999766554;0.7542395740347938;0.0;4;4;0;0.7542395740347938;
25740.04999976568;13.915999648344517;0.0;3;3;0;13.915999648344517;
25800.049999764808;1.0373418501351834;0.0;1;1;0;1.0373418501351834;
25860.049999763934;13.469784193601878;0.0;4;4;0;13.469784193601878;
25920.04999976306;19.848283221433007;0.0;2;2;0;19.848283221433007;
25980.04999976219;0.7716812713497867;0.0;4;4;0;0.7716812713497867;
26040.049999761315;6.115879284651816;0.0;4;4;0;6.115879284651816;
26100.049999760442;3.157601641889705;0.2;5;5;0;3.157601641889705;
26160.04999975957;0.9815559125573228;0.0;3;3;0;0.9815559125573228;
26220.049999758696;14.757328187566529;0.3333333333333333;3;3;0;14.757328187566529;
26280.049999757823;0.7446377465552996;0.0;4;4;0;0.7446377465552996;
26340.04999975695;0.4794601732565397;0.0;4;4;0;0.4794601732565397;
26400.049999756076;NaN;NaN;0;0;0;NaN;
26460.049999755203;23.547018686783304;0.0;2;2;0;23.547018686783304;
26520.04999975433;6.895997923955564;0.0;4;4;0;6.895997923955564;
26580.049999753457;0.9999999961564652;0.0;1;1;0;0.9999999961564652;
26640.049999752584;NaN;NaN;0;0;0;NaN;
26700.04999975171;37.341504318403665;0.0;1;1;0;37.341504318403665;
26760.049999750838;0.9882885472278472;0.0;3;3;0;0.9882885472278472;
26820.049999749965;0.9999999949337623;0.0;1;1;0;0.9999999949337623;
26880.04999974909;23.531248727440047;0.0;3;3;0;23.531248727440047;
26940.04999974822;0.9797761779886593;0.0;2;2;0;0.9797761779886593;
27000.049999747345;4.602455993273521;0.0;1;1;0;4.602455993273521;
27060.049999746472;19.4476771413805;0.0;3;3;0;19.4476771413805;
27120.0499997456;16.423740030708537;0.0;3;3;0;16.423740030708537;
27180.049999744726;0.6634393468046852;0.3333333333333333;3;3;0;0.6634393468046852;
27240.049999743853;NaN;NaN;0;0;0;NaN;
27300.04999974298;0.9139476373178044;0.0;1;1;0;0.9139476373178044;
27360.049999742107;25.646359326982715;0.0;2;2;0;25.646359326982715;
27420.049999741233;NaN;NaN;0;0;0;NaN;
27480.04999974036;18.524652571128943;0.0;3;3;0;18.524652571128943;
27540.049999739487;14.236755111643829;0.0;4;4;0;14.236755111643829;
27600.049999738614;1.0436653681798698;0.0;1;1;0;1.0436653681798698;
27660.04999973774;1.8099965196441263;0.0;2;2;0;1.8099965196441263;
27720.049999736868;25.217753882339625;0.0;2;2;0;25.217753882339625;
27780.049999735995;0.9509534077825481;0.0;1;1;0;0.9509534077825481;
27840.04999973512;0.9745333029093899;0.0;1;1;0;0.9745333029093899;
27900.04999973425;1.2526445176787517;0.0;5;5;0;1.2526445176787517;
27960.049999733375;44.35990981558994;0.0;2;2;0;44.35990981558994;
28020.049999732502;0.47909151470288824;0.0;4;4;0;0.47909151470288824;
28080.04999973163;1.025259242800707;0.0;2;2;0;1.025259242800707;
28140.049999730756;0.9171771623413412;0.0;1;1;0;0.9171771623413412;
28200.049999729883;1.067654427091643;0.0;1;1;0;1.067654427091643;
28260.04999972901;33.444531156984254;0.0;1;1;0;33.444531156984254;
28320.049999728137;NaN;NaN;0;0;0;NaN;
28380.049999727264;NaN;NaN;0;0;0;NaN;
28440.04999972639;0.6438562044106257;0.0;3;3;0;0.6438562044106257;
28500.049999725517;0.9429393756653967;0.0;2;2;0;0.9429393756653967;
28560.049999724644;1.0051849563893043;0.0;2;2;0;1.0051849563893043;
28620.04999972377;1.004285184157315;0.0;3;3;0;1.004285184157315;
28680.049999722898;NaN;NaN;0;0;0;NaN;
28740.049999722025;2.1393726566443614;0.0;4;4;0;2.1393726566443614;
28800.049999721152;7.727473971448387;0.0;6;6;0;7.727473971448387;
28860.04999972028;15.63640161531334;0.0;3;3;0;15.63640161531334;
28920.049999719406;1.0326753725438702;0.0;2;2;0;1.0326753725438702;
28980.049999718532;19.795990705452787;0.0;5;5;0;19.795990705452787;
29040.04999971766;0.9365133823540347;0.0;2;2;0;0.9365133823540347;
29100.049999716786;0.45063039046563913;0.0;2;2;0;0.45063039046563913;
29160.049999715913;NaN;NaN;0;0;0;NaN;
29220.04999971504;4.964408126081697;0.3333333333333333;3;3;0;4.964408126081697;
29280.049999714167;18.067807085070875;0.0;3;3;0;18.067807085070875;
29340.049999713294;24.380137736753234;0.0;2;2;0;24.380137736753234;
29400.04999971242;7.359625712445845;0.16666666666666666;6;6;0;7.359625712445845;
29460.049999711548;1.0217334528591993;0.0;2;2;0;1.0217334528591993;
29520.049999710674;0.4940808671073616;0.0;2;2;0;0.4940808671073616;
29580.0499997098;21.023625029900046;0.0;4;4;0;21.023625029900046;
29640.04999970893;18.28923976788742;0.0;3;3;0;18.28923976788742;
29700.049999708055;23.10961732766807;0.0;2;2;0;23.10961732766807;
29760.049999707182;26.119548051237995;0.0;6;6;0;26.119548051237995;
29820.04999970631;0.3192661622904724;0.3333333333333333;3;3;0;0.3192661622904724;
29880.049999705436;5.532198231956319;0.0;3;3;0;5.532198231956319;
29940.049999704563;23.19758871043982;0.0;3;3;0;23.19758871043982;
30000.04999970369;1.0219888990076558;0.0;1;1;0;1.0219888990076558;
30060.049999702816;0.9737110134310889;0.0;3;3;0;0.9737110134310889;
30120.049999701943;30.386411930171484;0.0;2;2;0;30.386411930171484;
30180.04999970107;0.9303797631647308;0.0;1;1;0;0.9303797631647308;
30240.049999700197;7.174208109154661;0.2857142857142857;7;7;0;7.174208109154661;
30300.049999699324;NaN;NaN;0;0;0;NaN;
30360.04999969845;15.698388314069314;0.0;2;2;0;15.698388314069314;
30420.049999697578;0.4853154996992168;0.0;2;2;0;0.4853154996992168;
30480.049999696705;1.0151978278955767;0.0;2;2;0;1.0151978278955767;
30540.04999969583;0.6306596480705218;0.0;3;3;0;0.6306596480705218;
30600.04999969496;4.865054327669374;0.0;3;3;0;4.865054327669374;
30660.049999694085;16.384245185333306;0.0;3;3;0;16.384245185333306;
30720.049999693212;15.543914895610614;0.0;4;4;0;15.543914895610614;
30780.04999969234;20.082516957495613;0.0;2;2;0;20.082516957495613;
30840.049999691466;NaN;NaN;0;0;0;NaN;
30900.049999690593;NaN;NaN;0;0;0;NaN;
30960.04999968972;11.538146880314757;0.0;4;4;0;11.538146880314757;
31020.049999688847;1.0137463013308392;0.0;1;1;0;1.0137463013308392;
31080.049999687973;0.5314033049202861;0.4;5;5;0;0.5314033049202861;
31140.0499996871;0.9707083841041473;0.0;3;3;0;0.9707083841041473;
31200.049999686227;0.5112297794638577;0.25;4;4;0;0.5112297794638577;
31260.049999685354;10.246817898669095;0.0;4;4;0;10.246817898669095;
31320.04999968448;NaN;NaN;0;0;0;NaN;
31380.049999683608;2.7226286945749156;0.0;3;3;0;2.7226286945749156;
31440.049999682735;19.49760772459534;0.0;3;3;0;19.49760772459534;
31500.04999968186;3.2704773326106444;0.0;2;2;0;3.2704773326106444;
31560.04999968099;0.9042341529513211;0.0;1;1;0;0.9042341529513211;
31620.049999680115;1.00560948267235;0.0;2;2;0;1.00560948267235;
31680.049999679242;2.857452419062982;0.0;2;2;0;2.857452419062982;
31740.04999967837;0.9425413401575649;0.0;1;1;0;0.9425413401575649;
31800.049999677496;0.809053140323357;0.2;5;5;0;0.809053140323357;
31860.049999676623;12.31606726323141;0.0;4;4;0;12.31606726323141;
31920.04999967575;0.5654958421498537;0.5;2;2;0;0.5654958421498537;
31980.049999674877;5.678027005151729;0.0;2;2;0;5.678027005151729;
32040.049999674004;0.42562715942585844;0.3333333333333333;6;6;0;0.42562715942585844;
32100.04999967313;1.0003845748628037;0.0;2;2;0;1.0003845748628037;
32160.049999672257;2.82385390906623;0.0;3;3;0;2.82385390906623;
32220.049999671384;0.8202488796582775;0.25;4;4;0;0.8202488796582775;
32280.04999967051;17.985449438709182;0.0;3;3;0;17.985449438709182;
32340.049999669638;0.7396350526645721;0.0;4;4;0;0.7396350526645721;
32400.049999668765;0.6517755108167005;0.0;3;3;0;0.6517755108167005;
32460.049999667892;44.70634195458733;0.0;1;1;0;44.70634195458733;
32520.04999966702;NaN;NaN;0;0;0;NaN;
32580.049999666146;3.6700681080895334;0.0;2;2;0;3.6700681080895334;
32640.049999665272;5.815328502333006;0.0;2;2;0;5.815328502333006;
32700.0499996644;0.9999999954353236;0.0;1;1;0;0.9999999954353236;
32760.049999663526;1.0853654474924215;0.0;1;1;0;1.0853654474924215;
32820.04999966644;2.784528199952396;0.0;2;2;0;2.784528199952396;
32880.04999966993;NaN;NaN;0;0;0;NaN;
32940.04999967342;22.097459631391366;0.0;5;5;0;22.097459631391366;
33000.049999676914;1.0202919096144147;0.0;1;1;0;1.0202919096144147;
33060.04999968041;0.541665208923043;0.0;2;2;0;0.541665208923043;
33120.0499996839;0.816361621383468;0.3333333333333333;3;3;0;0.816361621383468;
33180.04999968739;1.0277728304204259;0.0;1;1;0;1.0277728304204259;
33240.049999690884;0.5;0.0;1;1;0;0.5;
33300.049999694376;0.7035991240304287;0.25;4;4;0;0.7035991240304287;
33360.04999969787;1.0547267964671025;0.0;2;2;0;1.0547267964671025;
33420.04999970136;16.599171560179776;0.3333333333333333;3;3;0;16.599171560179776;
33480.049999704854;6.341697509493596;0.0;3;3;0;6.341697509493596;
33540.049999708346;0.6396991854250506;0.0;3;3;0;0.6396991854250506;
33600.04999971184;NaN;NaN;0;0;0;NaN;
33660.04999971533;0.9236062790490995;0.0;1;1;0;0.9236062790490995;
33720.04999971882;1.0458532324767886;0.0;1;1;0;1.0458532324767886;
33780.049999722316;1.0895296231926435;0.0;1;1;0;1.0895296231926435;
33840.04999972581;23.974895582785585;0.0;4;4;0;23.974895582785585;
33900.0499997293;23.708224011102786;0.0;2;2;0;23.708224011102786;
33960.04999973279;1.0441502862984984;0.0;2;2;0;1.0441502862984984;
34020.049999736286;21.50092007911372;0.0;1;1;0;21.50092007911372;
34080.04999973978;0.6306189010774896;0.5;2;2;0;0.6306189010774896;
34140.04999974327;0.2695344521588133;0.5;4;4;0;0.2695344521588133;
34200.04999974676;15.145020664789042;0.0;2;2;0;15.145020664789042;
34260.049999750256;0.6619904625530681;0.0;3;3;0;0.6619904625530681;
34320.04999975375;2.6518660119292075;0.0;3;3;0;2.6518660119292075;
34380.04999975724;1.0408014740655007;0.0;1;1;0;1.0408014740655007;
34440.04999976073;NaN;NaN;0;0;0;NaN;
34500.049999764226;0.5019541816268853;0.0;2;2;0;0.5019541816268853;
34560.04999976772;26.67579136831818;0.0;1;1;0;26.67579136831818;
34620.04999977121;0.48553896160559507;0.0;2;2;0;0.48553896160559507;
34680.0499997747;24.94119386586718;0.0;2;2;0;24.94119386586718;
34740.049999778195;13.212206416173009;0.0;3;3;0;13.212206416173009;
34800.04999978169;0.5815208764799483;0.2;5;5;0;0.5815208764799483;
34860.04999978518;NaN;NaN;0;0;0;NaN;
34920.04999978867;NaN;NaN;0;0;0;NaN;
34980.049999792165;NaN;NaN;0;0;0;NaN;
35040.04999979566;NaN;NaN;0;0;0;NaN;
35100.04999979915;NaN;NaN;0;0;0;NaN;
35160.04999980264;1.0403092541862553;0.0;1;1;0;1.0403092541862553;
35220.049999806135;26.103832089785985;0.0;2;2;0;26.103832089785985;
35280.04999980963;13.452222946885582;0.0;2;2;0;13.452222946885582;
35340.04999981312;0.45338041045086297;0.3333333333333333;3;2;1;0.6800706156762945;
35400.04999981661;1.040674711119657;0.0;1;1;0;1.040674711119657;
35460.049999820105;0.451229410244703;0.5;2;2;0;0.451229410244703;
35520.0499998236;1.0851244683948398;0.0;1;1;0;1.0851244683948398;
35580.04999982709;0.9999999937214332;0.0;1;1;0;0.9999999937214332;
35640.04999983058;22.76772240332299;0.0;1;1;0;22.76772240332299;
35700.049999834075;3.9038612840473874;0.0;2;2;0;3.9038612840473874;
35760.04999983757;NaN;NaN;0;0;0;NaN;
35820.04999984106;22.034102929170604;0.0;3;3;0;22.034102929170604;
35880.04999984455;1.0117569782152929;0.0;2;2;0;1.0117569782152929;
35940.049999848045;NaN;NaN;0;0;0;NaN;
36000.04999985154;1.063758201699176;0.0;1;1;0;1.063758201699176;
36060.04999985503;NaN;NaN;0;0;0;NaN;
36120.04999985852;1.009648042548855;0.0;1;1;0;1.009648042548855;
36180.049999862014;1.0303819393016094;0.0;1;1;0;1.0303819393016094;
36240.04999986551;2.1900086175825906;0.0;3;3;0;2.1900086175825906;
36300.049999869;23.52861735859816;0.0;2;2;0;23.52861735859816;
36360.04999987249;1.0004963930181305;0.0;2;2;0;1.0004963930181305;
36420.049999875984;0.9999999946138224;0.0;1;1;0;0.9999999946138224;
36480.04999987948;0.9772018840034363;0.0;1;1;0;0.9772018840034363;
36540.04999988297;2.9533755318076165;0.0;5;5;0;2.9533755318076165;
36600.04999988646;1.0263745862290052;0.0;3;3;0;1.0263745862290052;
36660.049999889954;1.051105567855647;0.0;1;1;0;1.051105567855647;
36720.04999989345;35.15655503649556;0.0;2;2;0;35.15655503649556;
36780.04999989694;0.928410389513483;0.0;1;1;0;0.928410389513483;
36840.04999990043;24.515686603730014;0.0;2;2;0;24.515686603730014;
36900.049999903924;1.094376527330714;0.0;1;1;0;1.094376527330714;
36960.049999907416;0.9859488544005267;0.0;2;2;0;0.9859488544005267;
37020.04999991091;NaN;NaN;0;0;0;NaN;
37080.0499999144;0.9723746200579835;0.0;2;2;0;0.9723746200579835;
37140.049999917894;1.062282945383501;0.0;1;1;0;1.062282945383501;
37200.049999921386;NaN;NaN;0;0;0;NaN;
37260.04999992488;NaN;NaN;0;0;0;NaN;
37320.04999992837;1.0535552850990724;0.0;1;1;0;1.0535552850990724;
37380.04999993186;46.24779597608987;0.0;1;1;0;46.24779597608987;
37440.049999935356;NaN;NaN;0;0;0;NaN;
37500.04999993885;7.121621518774947;0.0;2;2;0;7.121621518774947;
37560.04999994234;1.0462716595630595;0.0;1;1;0;1.0462716595630595;
37620.04999994583;NaN;NaN;0;0;0;NaN;
37680.049999949326;14.41948196100933;0.0;3;3;0;14.41948196100933;
37740.04999995282;NaN;NaN;0;0;0;NaN;
37800.04999995631;0.0;0.0;1;1;0;0.0;
37860.0499999598;1.0263462021999463;0.0;1;1;0;1.0263462021999463;
37920.049999963296;31.745788139831376;0.0;3;3;0;31.745788139831376;
37980.04999996679;NaN;NaN;0;0;0;NaN;
38040.04999997028;12.073055381790015;0.0;4;4;0;12.073055381790015;
38100.04999997377;1.0277288759310368;0.0;1;1;0;1.0277288759310368;
38160.049999977266;3.2651600905925964;0.0;2;2;0;3.2651600905925964;
38220.04999998076;NaN;NaN;0;0;0;NaN;
38280.04999998425;0.5279336182489462;0.0;2;2;0;0.5279336182489462;
38340.04999998774;1.2332135328417753;0.3333333333333333;3;3;0;1.2332135328417753;
38400.049999991235;5.153334591227126;0.0;5;5;0;5.153334591227126;
38460.04999999473;0.6681813708659475;0.0;3;3;0;0.6681813708659475;
38520.04999999822;49.91620228176602;0.0;1;1;0;49.91620228176602;
38580.00000000171;0.3455328116219804;0.3333333333333333;3;3;0;0.3455328116219804;
38640.0000000052;0.25;0.5;2;2;0;0.25;
38700.000000008695;4.152071227160855;0.0;2;2;0;4.152071227160855;
38760.00000001219;NaN;NaN;0;0;0;NaN;
38820.00000001568;0.475973458812589;0.0;2;2;0;0.475973458812589;
38880.00000001917;35.59056004088141;0.0;1;1;0;35.59056004088141;
38940.000000022665;NaN;NaN;0;0;0;NaN;
39000.00000002616;0.5;0.0;1;1;0;0.5;
39060.00000002965;6.959474184265023;0.3333333333333333;3;3;0;6.959474184265023;
39120.00000003314;NaN;NaN;0;0;0;NaN;
39180.000000036634;45.50160475592551;0.0;1;1;0;45.50160475592551;
39240.00000004013;0.4663101337370259;0.0;1;1;0;0.4663101337370259;
39300.00000004362;NaN;NaN;0;0;0;NaN;
39360.00000004711;NaN;NaN;0;0;0;NaN;
39420.000000050604;24.59548732375273;0.0;2;2;0;24.59548732375273;
39480.0000000541;0.5053738379634977;0.0;1;1;0;0.5053738379634977;
39540.00000005759;0.5129341691645027;0.0;1;1;0;0.5129341691645027;
39600.00000006108;0.5326073855203867;0.0;2;2;0;0.5326073855203867;
39660.000000064574;0.5264364491746464;0.0;1;1;0;0.5264364491746464;
39720.00000006807;14.76061313567665;0.3333333333333333;3;3;0;14.76061313567665;
39780.00000007156;NaN;NaN;0;0;0;NaN;
39840.00000007505;39.845901090256234;0.0;1;1;0;39.845901090256234;
39900.000000078544;0.5183873117025949;0.0;2;2;0;0.5183873117025949;
39960.00000008204;0.45030999628056634;0.0;1;1;0;0.45030999628056634;
40020.00000008553;NaN;NaN;0;0;0;NaN;
40080.00000008902;0.46961748555240174;0.0;1;1;0;0.46961748555240174;
40140.000000092514;0.49576030741281074;0.0;1;1;0;0.49576030741281074;
40200.000000096006;9.22155532580537;0.0;2;2;0;9.22155532580537;
40260.0000000995;NaN;NaN;0;0;0;NaN;
40320.00000010299;13.598715450774444;0.0;3;3;0;13.598715450774444;
40380.000000106484;7.215455638748496;0.0;2;2;0;7.215455638748496;
40440.000000109976;NaN;NaN;0;0;0;NaN;
40500.00000011347;0.4930615719036615;0.0;1;1;0;0.4930615719036615;
40560.00000011696;25.70184336503443;0.0;2;2;0;25.70184336503443;
40620.00000012045;0.5484958408053976;0.0;1;1;0;0.5484958408053976;
40680.000000123946;NaN;NaN;0;0;0;NaN;
40740.00000012744;NaN;NaN;0;0;0;NaN;
40800.00000013093;0.5458956956011859;0.0;1;1;0;0.5458956956011859;
40860.00000013442;2.867161156831448;0.0;4;4;0;2.867161156831448;
40920.000000137916;0.4735655911482655;0.0;1;1;0;0.4735655911482655;
40980.00000014141;0.5221787472417314;0.0;1;1;0;0.5221787472417314;
41040.0000001449;1.608814177287095;0.0;4;4;0;1.608814177287095;
41100.00000014839;23.948457419295117;0.0;2;2;0;23.948457419295117;
41160.000000151886;0.27340188271057503;0.0;2;2;0;0.27340188271057503;
41220.00000015538;16.029369190650925;0.0;3;3;0;16.029369190650925;
41280.00000015887;12.168689618254348;0.0;4;4;0;12.168689618254348;
41340.00000016236;0.5398482016526595;0.0;2;2;0;0.5398482016526595;
41400.000000165855;20.388044487339197;0.0;3;3;0;20.388044487339197;
41460.00000016935;NaN;NaN;0;0;0;NaN;
41520.00000017284;0.5;0.0;1;1;0;0.5;
41580.00000017633;16.82394408220519;0.0;2;2;0;16.82394408220519;
41640.000000179825;40.149726137930884;0.0;2;2;0;40.149726137930884;
41700.00000018332;41.36791198721049;0.0;2;2;0;41.36791198721049;
41760.00000018681;38.18868669433401;0.0;1;1;0;38.18868669433401;
41820.0000001903;0.47440054042984514;0.0;2;2;0;0.47440054042984514;
41880.000000193795;0.5;0.0;1;1;0;0.5;
41940.00000019729;0.4860923945241094;0.0;1;1;0;0.4860923945241094;
42000.00000020078;NaN;NaN;0;0;0;NaN;
42060.00000020427;24.061488649238242;0.0;2;2;0;24.061488649238242;
42120.000000207765;0.2557498331311923;0.0;2;2;0;0.2557498331311923;
42180.00000021126;14.356486711124196;0.0;5;5;0;14.356486711124196;
42240.00000021475;12.162838301958997;0.0;4;4;0;12.162838301958997;
42300.00000021824;0.487218673027871;0.0;1;1;0;0.487218673027871;
42360.000000221735;0.501558529401639;0.0;1;1;0;0.501558529401639;
42420.00000022523;0.4979191120948484;0.0;2;2;0;0.4979191120948484;
42480.00000022872;0.5235167513831476;0.0;1;1;0;0.5235167513831476;
42540.00000023221;0.5104828327326381;0.0;2;2;0;0.5104828327326381;
42600.000000235705;1.3379188749624382;0.25;4;4;0;1.3379188749624382;
42660.0000002392;5.418943822576478;0.5;4;4;0;5.418943822576478;
42720.00000024269;45.309416172261585;0.0;2;2;0;45.309416172261585;
42780.00000024618;13.592464449697975;0.25;4;4;0;13.592464449697975;
42840.000000249674;NaN;NaN;0;0;0;NaN;
42900.00000025317;52.30773552717319;0.0;2;2;0;52.30773552717319;
42960.00000025666;0.5377066409146147;0.0;2;2;0;0.5377066409146147;
43020.00000026015;0.25206630468180097;0.3333333333333333;6;6;0;0.25206630468180097;
43080.000000263644;NaN;NaN;0;0;0;NaN;
43140.00000026714;1.4284512755130354;0.25;4;4;0;1.4284512755130354;
43200.00000027063;0.261928223268516;0.0;2;2;0;0.261928223268516;
43260.00000027412;0.47646837590462304;0.0;1;1;0;0.47646837590462304;
43320.000000277614;NaN;NaN;0;0;0;NaN;
43380.00000028111;0.4608187411222433;0.0;1;1;0;0.4608187411222433;
43440.0000002846;0.48462498148854805;0.0;1;1;0;0.48462498148854805;
43500.00000028809;NaN;NaN;0;0;0;NaN;
43560.000000291584;22.144945487897328;0.0;4;4;0;22.144945487897328;
43620.00000029508;0.25853486101243606;0.5;2;2;0;0.25853486101243606;
43680.00000029857;22.970432229852815;0.0;3;3;0;22.970432229852815;
43740.00000030206;0.5;0.0;1;1;0;0.5;
43800.000000305554;NaN;NaN;0;0;0;NaN;
43860.000000309046;0.45973824738539626;0.0;2;2;0;0.45973824738539626;
43920.00000031254;9.864233005009915;0.25;4;4;0;9.864233005009915;
43980.00000031603;5.601366056544953;0.0;4;4;0;5.601366056544953;
44040.000000319524;0.16666677596256763;0.6666666666666666;3;3;0;0.16666677596256763;
44100.000000323016;1.8266730786957421;0.0;2;2;0;1.8266730786957421;
44160.00000032651;0.33464176645018356;0.3333333333333333;3;3;0;0.33464176645018356;
44220.00000033;0.49090477462845955;0.0;1;1;0;0.49090477462845955;
44280.00000033349;NaN;NaN;0;0;0;NaN;
44340.000000336986;0.5350467417540381;0.0;1;1;0;0.5350467417540381;
44400.00000034048;28.961465832440258;0.0;3;3;0;28.961465832440258;
44460.00000034397;0.36425243637559396;0.0;4;4;0;0.36425243637559396;
44520.00000034746;0.2567975756848758;0.16666666666666666;6;6;0;0.2567975756848758;
44580.000000350956;0.2976595185974923;0.2;5;5;0;0.2976595185974923;
44640.00000035445;0.2689931528432214;0.0;2;2;0;0.2689931528432214;
44700.00000035794;0.4965786305081384;0.0;1;1;0;0.4965786305081384;
44760.00000036143;0.49181704177130237;0.0;1;1;0;0.49181704177130237;
44820.000000364926;9.715599802492338;0.0;4;4;0;9.715599802492338;
44880.00000036842;0.49177216845988436;0.0;2;2;0;0.49177216845988436;
44940.00000037191;0.23227590448876917;0.5;2;2;0;0.23227590448876917;
45000.0000003754;NaN;NaN;0;0;0;NaN;
45060.000000378895;0.4966033314008454;0.0;2;2;0;0.4966033314008454;
45120.00000038239;4.610715134183766;0.0;3;3;0;4.610715134183766;
45180.00000038588;13.108732327772259;0.25;4;4;0;13.108732327772259;
45240.00000038937;0.2963470864773473;0.5;4;4;0;0.2963470864773473;
45300.000000392865;0.5175703737261901;0.0;2;2;0;0.5175703737261901;
45360.00000039636;NaN;NaN;0;0;0;NaN;
45420.00000039985;0.3125499207456211;0.2;5;5;0;0.3125499207456211;
45480.00000040334;0.24914470879990203;0.0;2;2;0;0.24914470879990203;
45540.000000406835;0.526353562499267;0.0;2;2;0;0.526353562499267;
45600.00000041033;NaN;NaN;0;0;0;NaN;
45660.00000041382;0.5161110875269452;0.0;1;1;0;0.5161110875269452;
45720.00000041731;44.43740032817418;0.0;1;1;0;44.43740032817418;
45780.000000420805;23.453205062824736;0.0;2;2;0;23.453205062824736;
45840.0000004243;NaN;NaN;0;0;0;NaN;
45900.00000042779;3.1533128728370134;0.0;2;2;0;3.1533128728370134;
45960.00000043128;26.816840156285917;0.0;2;2;0;26.816840156285917;
46020.000000434775;0.3419557607839035;0.3333333333333333;3;3;0;0.3419557607839035;
46080.00000043827;18.49782476168537;0.0;1;1;0;18.49782476168537;
46140.00000044176;14.677090067027663;0.0;3;3;0;14.677090067027663;
46200.00000044525;0.16160876055691065;0.6666666666666666;3;3;0;0.16160876055691065;
46260.000000448745;NaN;NaN;0;0;0;NaN;
46320.00000045224;43.81985839964053;0.0;1;1;0;43.81985839964053;
46380.00000045573;0.4589824188279339;0.0;1;1;0;0.4589824188279339;
46440.00000045922;17.228789569565347;0.0;6;6;0;17.228789569565347;
46500.000000462715;0.47133685297691885;0.0;2;2;0;0.47133685297691885;
46560.00000046621;NaN;NaN;0;0;0;NaN;
46620.0000004697;16.72953677144317;0.0;3;3;0;16.72953677144317;
46680.00000047319;0.25;0.0;2;2;0;0.25;
46740.000000476684;0.3311445437439237;0.3333333333333333;3;3;0;0.3311445437439237;
46800.00000048018;0.5044140312075392;0.0;1;1;0;0.5044140312075392;
46860.00000048367;7.4168904048983375;0.0;2;2;0;7.4168904048983375;
46920.00000048716;29.017458164167802;0.0;3;3;0;29.017458164167802;
46980.000000490654;0.5177207958167074;0.0;1;1;0;0.5177207958167074;
47040.00000049415;4.506025149257709;0.0;4;4;0;4.506025149257709;
47100.00000049764;NaN;NaN;0;0;0;NaN;
47160.00000050113;25.81478030859644;0.25;4;4;0;25.81478030859644;
47220.000000504624;0.5331008595635093;0.0;1;1;0;0.5331008595635093;
47280.00000050812;0.4930976325344685;0.0;3;3;0;0.4930976325344685;
47340.00000051161;12.813787484433838;0.0;3;3;0;12.813787484433838;
47400.0000005151;0.498939194191367;0.0;1;1;0;0.498939194191367;
47460.000000518594;0.5079019985293414;0.0;2;2;0;0.5079019985293414;
47520.000000522086;NaN;NaN;0;0;0;NaN;
47580.00000052558;36.49327146697802;0.0;1;1;0;36.49327146697802;
47640.00000052907;NaN;NaN;0;0;0;NaN;
47700.000000532564;0.5;0.0;1;1;0;0.5;
47760.000000536056;7.394306976927791;0.4;5;5;0;7.394306976927791;
47820.00000053955;7.819398215544246;0.3333333333333333;6;6;0;7.819398215544246;
47880.00000054304;3.683219408079984;0.0;3;3;0;3.683219408079984;
47940.00000054653;NaN;NaN;0;0;0;NaN;
48000.000000550026;0.3698785162607236;0.3333333333333333;3;3;0;0.3698785162607236;
48060.00000055352;0.521030342636557;0.0;1;1;0;0.521030342636557;
48120.00000055701;NaN;NaN;0;0;0;NaN;
48180.0000005605;0.3711704626930195;0.25;4;4;0;0.3711704626930195;
48240.000000563996;0.4751328652835557;0.0;2;2;0;0.4751328652835557;
48300.00000056749;0.5;0.0;1;1;0;0.5;
48360.00000057098;NaN;NaN;0;0;0;NaN;
48420.00000057447;0.38644473305214894;0.25;4;4;0;0.38644473305214894;
48480.000000577966;24.591467938592395;0.0;2;2;0;24.591467938592395;
48540.00000058146;9.620336827531188;0.0;4;4;0;9.620336827531188;
48600.00000058495;23.811975126466688;0.0;2;2;0;23.811975126466688;
48660.00000058844;0.25;0.0;2;2;0;0.25;
48720.000000591936;NaN;NaN;0;0;0;NaN;
48780.00000059543;45.952667493725826;0.0;2;2;0;45.952667493725826;
48840.00000059892;0.7347393365735624;0.5;2;2;0;0.7347393365735624;
48900.00000060241;NaN;NaN;0;0;0;NaN;
48960.000000605905;0.4521286488825707;0.0;1;1;0;0.4521286488825707;
49020.0000006094;NaN;NaN;0;0;0;NaN;
49080.00000061289;NaN;NaN;0;0;0;NaN;
49140.00000061638;14.377132170425083;0.0;3;3;0;14.377132170425083;
49200.000000619875;12.45674911434231;0.25;4;4;0;12.45674911434231;
49260.00000062337;0.2155234830939994;0.5;8;8;0;0.2155234830939994;
49320.00000062686;0.4577347155447165;0.0;1;1;0;0.4577347155447165;
49380.00000063035;23.72729304256683;0.0;3;3;0;23.72729304256683;
49440.000000633845;0.3310280264466056;0.3333333333333333;3;3;0;0.3310280264466056;
49500.00000063734;25.68105022132744;0.0;2;2;0;25.68105022132744;
49560.00000064083;25.913886567892895;0.0;2;2;0;25.913886567892895;
49620.00000064432;50.04001316395733;0.0;1;1;0;50.04001316395733;
49680.000000647815;NaN;NaN;0;0;0;NaN;
49740.00000065131;0.5038996908363782;0.0;2;2;0;0.5038996908363782;
49800.0000006548;NaN;NaN;0;0;0;NaN;
49860.00000065829;45.794106013226475;0.0;2;2;0;45.794106013226475;
49920.000000661785;16.05268964711269;0.0;3;3;0;16.05268964711269;
49980.00000066528;0.49250498481775457;0.0;2;2;0;0.49250498481775457;
50040.00000066877;49.92060375263315;0.0;1;1;0;49.92060375263315;
50100.00000067226;17.09543697257048;0.0;3;3;0;17.09543697257048;
50160.000000675755;NaN;NaN;0;0;0;NaN;
50220.00000067925;24.696291037035643;0.0;2;2;0;24.696291037035643;
50280.00000068274;0.5263394139880745;0.0;1;1;0;0.5263394139880745;
50340.00000068623;0.5178743453970642;0.0;2;2;0;0.5178743453970642;
50400.000000689724;10.044563079249704;0.25;4;4;0;10.044563079249704;
50460.00000069322;16.499359895593717;0.0;3;3;0;16.499359895593717;
50520.00000069671;0.5299701741696352;0.0;1;1;0;0.5299701741696352;
50580.0000007002;NaN;NaN;0;0;0;NaN;
50640.000000703694;0.48181424405570217;0.0;2;2;0;0.48181424405570217;
50700.00000070719;15.58142793201734;0.0;1;1;0;15.58142793201734;
50760.00000071068;45.80306219303213;0.0;2;2;0;45.80306219303213;
50820.00000071417;13.754719236597362;0.0;2;2;0;13.754719236597362;
50880.000000717664;24.632188841508853;0.0;2;2;0;24.632188841508853;
50940.00000072116;0.26796731883314;0.5;2;2;0;0.26796731883314;
51000.00000072465;9.892635835375007;0.4;5;5;0;9.892635835375007;
51060.00000072814;0.5005261167345836;0.0;2;2;0;0.5005261167345836;
51120.000000731634;32.165917659205164;0.0;3;3;0;32.165917659205164;
51180.00000073513;0.26838475160444614;0.0;2;2;0;0.26838475160444614;
51240.00000073862;6.4872252626716405;0.0;3;3;0;6.4872252626716405;
51300.00000074211;0.47032207905220114;0.0;1;1;0;0.47032207905220114;
51360.000000745604;NaN;NaN;0;0;0;NaN;
51420.000000749096;3.3848490969807363;0.0;2;2;0;3.3848490969807363;
51480.00000075259;0.48375384983542474;0.0;1;1;0;0.48375384983542474;
51540.00000075608;0.5;0.0;1;1;0;0.5;
51600.00000075957;16.087230451392703;0.0;4;4;0;16.087230451392703;
51660.000000763066;NaN;NaN;0;0;0;NaN;
51720.00000076656;NaN;NaN;0;0;0;NaN;
51780.00000077005;22.912507575633512;0.0;2;2;0;22.912507575633512;
51840.00000077354;7.116164932452829;0.25;4;4;0;7.116164932452829;
51900.000000777036;10.202994304473675;0.0;1;1;0;10.202994304473675;
51960.00000078053;0.2454655719473684;0.25;4;4;0;0.2454655719473684;
52020.00000078402;0.3432259309094252;0.5;2;2;0;0.3432259309094252;
52080.00000078751;NaN;NaN;0;0;0;NaN;
52140.000000791006;0.34932130977875503;0.0;3;3;0;0.34932130977875503;
52200.0000007945;0.23610630333759308;0.0;2;2;0;0.23610630333759308;
52260.00000079799;0.5097396034220706;0.0;1;1;0;0.5097396034220706;
52320.00000080148;0.49585563082564277;0.0;1;1;0;0.49585563082564277;
52380.000000804976;0.2500170169239345;0.5;2;2;0;0.2500170169239345;
52440.00000080847;0.5251555360642461;0.0;1;1;0;0.5251555360642461;
52500.00000081196;NaN;NaN;0;0;0;NaN;
52560.00000081545;16.017298146959153;0.0;4;4;0;16.017298146959153;
52620.000000818945;49.57765733961744;0.0;3;3;0;49.57765733961744;
52680.00000082244;0.5439141925669578;0.0;1;1;0;0.5439141925669578;
52740.00000082593;47.01058248076491;0.0;1;1;0;47.01058248076491;
52800.00000082942;15.268710903550087;0.0;3;3;0;15.268710903550087;
52860.000000832915;49.98604123529589;0.0;1;1;0;49.98604123529589;
52920.00000083641;15.407865978332232;0.0;3;3;0;15.407865978332232;
52980.0000008399;0.508921334124368;0.0;1;1;0;0.508921334124368;
53040.00000084339;0.25573490612062183;0.0;2;2;0;0.25573490612062183;
53100.000000846885;25.061033155077553;0.25;4;4;0;25.061033155077553;
53160.00000085038;0.474895077225942;0.0;3;3;0;0.474895077225942;
53220.00000085387;2.4618726598441643;0.25;4;4;0;2.4618726598441643;
53280.00000085736;0.5206329284260818;0.0;1;1;0;0.5206329284260818;
53340.000000860855;14.102984666445066;0.0;2;2;0;14.102984666445066;
53400.00000086435;0.5114029584512461;0.0;2;2;0;0.5114029584512461;
53460.00000086784;3.5636845849441943;0.0;2;2;0;3.5636845849441943;
53520.00000087133;0.501404961700635;0.0;1;1;0;0.501404961700635;
53580.000000874825;NaN;NaN;0;0;0;NaN;
53640.00000087832;19.54885500765972;0.0;3;3;0;19.54885500765972;
53700.00000088181;0.5188484255775831;0.0;2;2;0;0.5188484255775831;
53760.0000008853;0.4513624117002702;0.0;1;1;0;0.4513624117002702;
53820.000000888795;0.4943562106769859;0.0;2;2;0;0.4943562106769859;
53880.00000089229;45.82086177802164;0.0;2;2;0;45.82086177802164;
53940.00000089578;0.4894528027719436;0.0;3;3;0;0.4894528027719436;
54000.00000089927;2.8806101736023653;0.25;4;4;0;2.8806101736023653;
54060.000000902764;0.5360165252689345;0.0;1;1;0;0.5360165252689345;
54120.00000090626;13.144041523021048;0.2857142857142857;7;7;0;13.144041523021048;
54180.00000090975;0.24136829962981746;0.3333333333333333;6;6;0;0.24136829962981746;
54240.00000091324;8.063092993059895;0.25;4;4;0;8.063092993059895;
54300.000000916734;NaN;NaN;0;0;0;NaN;
54360.00000092023;NaN;NaN;0;0;0;NaN;
54420.00000092372;0.3527000864984892;0.5;8;7;1;0.4030858131411305;
54480.00000092721;21.384333310900256;0.0;6;6;0;21.384333310900256;
54540.000000930704;0.5014574315719874;0.0;2;2;0;0.5014574315719874;
54600.0000009342;27.10983636137459;0.0;1;1;0;27.10983636137459;
54660.00000093769;0.5002110417489121;0.0;1;1;0;0.5002110417489121;
54720.00000094118;NaN;NaN;0;0;0;NaN;
54780.000000944674;8.213937785488676;0.0;4;3;1;10.951917047318235;
54840.00000094817;2.2426506688098757;0.5;6;6;0;2.2426506688098757;
54900.00000095166;0.3915655541405648;0.5;2;2;0;0.3915655541405648;
54960.00000095515;17.714955318131608;0.0;1;1;0;17.714955318131608;
55020.000000958644;0.4569879097818121;0.4;5;5;0;0.4569879097818121;
55080.000000962136;23.642637577414966;0.0;2;2;0;23.642637577414966;
55140.00000096563;0.40082632459641676;0.3333333333333333;3;3;0;0.40082632459641676;
55200.00000096912;0.4930368965659819;0.0;1;1;0;0.4930368965659819;
55260.00000097261;NaN;NaN;0;0;0;NaN;
55320.000000976106;0.4868925658322133;0.0;2;2;0;0.4868925658322133;
55380.0000009796;21.465207082314198;0.0;3;3;0;21.465207082314198;
55440.00000098309;0.2552595416011087;0.5;6;6;0;0.2552595416011087;
55500.00000098658;0.2599653754793619;0.5;2;2;0;0.2599653754793619;
55560.000000990076;NaN;NaN;0;0;0;NaN;
55620.00000099357;0.5424767012731928;0.0;1;1;0;0.5424767012731928;
55680.00000099706;0.5100487515261094;0.0;2;2;0;0.5100487515261094;
55740.00000100055;6.356935520681991;0.0;5;5;0;6.356935520681991;
55800.000001004046;0.16671309078859584;0.3333333333333333;3;3;0;0.16671309078859584;
55860.00000100754;0.4816084627606464;0.0;2;2;0;0.4816084627606464;
55920.00000101103;3.3033887871772465;0.0;5;5;0;3.3033887871772465;
55980.00000101452;6.2927131702595185;0.25;4;4;0;6.2927131702595185;
56040.000001018016;0.33104243405159356;0.3333333333333333;3;3;0;0.33104243405159356;
56100.00000102151;NaN;NaN;0;0;0;NaN;
56160.000001025;NaN;NaN;0;0;0;NaN;
56220.00000102849;NaN;NaN;0;0;0;NaN;
56280.000001031985;5.291964842259635;0.0;2;2;0;5.291964842259635;
56340.00000103548;51.102969217940796;0.0;1;1;0;51.102969217940796;
56400.00000103897;25.30723251289816;0.0;2;2;0;25.30723251289816;
56460.00000104246;0.2516204767214489;0.0;2;2;0;0.2516204767214489;
56520.000001045955;11.68214810490302;0.25;4;4;0;11.68214810490302;
56580.00000104945;5.962410351896517;0.0;3;3;0;5.962410351896517;
56640.00000105294;20.818500100419758;0.0;3;3;0;20.818500100419758;
56700.00000105643;2.6606662325051786;0.0;3;3;0;2.6606662325051786;
56760.000001059925;0.5;0.0;1;1;0;0.5;
56820.00000106342;0.5296496753663075;0.0;1;1;0;0.5296496753663075;
56880.00000106691;9.492644042342231;0.25;4;4;0;9.492644042342231;
56940.0000010704;5.594746445372568;0.0;3;3;0;5.594746445372568;
57000.000001073895;NaN;NaN;0;0;0;NaN;
57060.00000107739;4.274586054567879;0.0;3;3;0;4.274586054567879;
57120.00000108088;24.135837882494027;0.0;2;2;0;24.135837882494027;
57180.00000108437;0.5112685737366032;0.0;2;2;0;0.5112685737366032;
57240.000001087865;NaN;NaN;0;0;0;NaN;
57300.00000109136;NaN;NaN;0;0;0;NaN;
57360.00000109485;0.5323218473846565;0.0;2;2;0;0.5323218473846565;
57420.00000109834;0.25006702147628157;0.5;2;2;0;0.25006702147628157;
57480.000001101835;15.960023023752916;0.0;3;3;0;15.960023023752916;
57540.00000110533;NaN;NaN;0;0;0;NaN;
57600.00000110882;0.6238872396731556;0.2;5;5;0;0.6238872396731556;
57660.00000111231;0.36625699388105404;0.25;4;4;0;0.36625699388105404;
57720.000001115804;5.092036677944037;0.0;4;4;0;5.092036677944037;
57780.0000011193;11.02276026448615;0.0;2;2;0;11.02276026448615;
57840.00000112279;30.209652345965452;0.0;3;3;0;30.209652345965452;
57900.00000112628;6.331196421323074;0.25;4;4;0;6.331196421323074;
57960.000001129774;12.437166511280454;0.5;4;4;0;12.437166511280454;
58020.00000113327;NaN;NaN;0;0;0;NaN;
58080.00000113676;0.5137548534425721;0.0;1;1;0;0.5137548534425721;
58140.00000114025;14.337595148720558;0.0;5;5;0;14.337595148720558;
58200.000001143744;18.78189195304271;0.0;5;5;0;18.78189195304271;
58260.00000114724;0.23937104499636452;0.0;2;2;0;0.23937104499636452;
58320.00000115073;5.918714868279511;0.0;5;5;0;5.918714868279511;
58380.00000115422;23.281273062719606;0.0;3;3;0;23.281273062719606;
58440.000001157714;0.5276806474103442;0.0;2;2;0;0.5276806474103442;
58500.00000116121;0.5120532233663824;0.0;1;1;0;0.5120532233663824;
58560.0000011647;0.3523232240983476;0.0;3;3;0;0.3523232240983476;
58620.00000116819;0.5265382458533734;0.0;2;2;0;0.5265382458533734;
58680.000001171684;0.5103160784810185;0.0;2;2;0;0.5103160784810185;
58740.000001175176;0.3422243096386202;0.3333333333333333;3;3;0;0.3422243096386202;
58800.00000117867;0.34504667904913305;0.3333333333333333;3;3;0;0.34504667904913305;
58860.00000118216;0.507292407582052;0.0;2;2;0;0.507292407582052;
58920.000001185654;18.906016946222987;0.0;1;1;0;18.906016946222987;
58980.000001189146;NaN;NaN;0;0;0;NaN;
59040.00000119264;0.5;0.0;1;1;0;0.5;
59100.00000119613;20.93813774949236;0.0;3;3;0;20.93813774949236;
59160.00000119962;0.14410698734146213;0.5;4;4;0;0.14410698734146213;
59220.000001203116;0.5;0.0;1;1;0;0.5;
59280.00000120661;27.36265810292471;0.0;3;3;0;27.36265810292471;
59340.0000012101;26.410709072672585;0.0;3;3;0;26.410709072672585;
59400.00000121359;0.47050158057997593;0.0;1;1;0;0.47050158057997593;
59460.000001217086;26.492080841431488;0.0;2;2;0;26.492080841431488;
59520.00000122058;7.365107786935194;0.0;3;3;0;7.365107786935194;
59580.00000122407;13.514095459430074;0.0;3;3;0;13.514095459430074;
59640.00000122756;11.072432484256229;0.0;4;4;0;11.072432484256229;
59700.000001231056;0.2500713296506439;0.5;2;2;0;0.2500713296506439;
59760.00000123455;0.4864236488780681;0.0;2;2;0;0.4864236488780681;
59820.00000123804;40.27040382177741;0.0;1;1;0;40.27040382177741;
59880.00000124153;0.4898781255594227;0.0;2;2;0;0.4898781255594227;
59940.000001245025;15.74197662457091;0.0;3;3;0;15.74197662457091;
60000.00000124852;0.5199829910541817;0.0;3;3;0;0.5199829910541817;
60060.00000125201;0.4993398716463413;0.0;2;2;0;0.4993398716463413;
60120.0000012555;0.5427547833084283;0.0;1;1;0;0.5427547833084283;
60180.000001258995;0.3773287439289963;0.0;4;4;0;0.3773287439289963;
60240.00000126249;0.506858913140634;0.0;2;2;0;0.506858913140634;
60300.00000126598;NaN;NaN;0;0;0;NaN;
60360.00000126947;0.39670872494045945;0.3333333333333333;3;3;0;0.39670872494045945;
60420.000001272965;13.750968958173674;0.0;3;3;0;13.750968958173674;
60480.00000127646;15.950989457461098;0.0;2;2;0;15.950989457461098;
60540.00000127995;7.199798747539279;0.42857142857142855;7;7;0;7.199798747539279;
60600.00000128344;0.4877547119047786;0.0;2;2;0;0.4877547119047786;
60660.000001286935;0.5;0.0;1;1;0;0.5;
60720.00000129043;18.02095599357838;0.0;4;4;0;18.02095599357838;
60780.00000129392;0.5229379114791758;0.0;2;2;0;0.5229379114791758;
60840.00000129741;18.29892037727399;0.0;4;4;0;18.29892037727399;
60900.000001300905;48.2429082916352;0.0;1;1;0;48.2429082916352;
60960.0000013044;15.740447401969254;0.2;5;4;1;19.675559252461568;
61020.00000130789;0.34119470131616136;0.4;5;5;0;0.34119470131616136;
61080.00000131138;0.5;0.0;1;1;0;0.5;
61140.000001314875;13.922382117512297;0.0;3;3;0;13.922382117512297;
61200.00000131837;0.24345089208985451;0.0;2;2;0;0.24345089208985451;
61260.00000132186;0.3164335727829436;0.3333333333333333;3;3;0;0.3164335727829436;
61320.00000132535;49.03488423821476;0.0;2;2;0;49.03488423821476;
61380.000001328845;5.807597825569316;0.0;3;3;0;5.807597825569316;
61440.00000133234;0.3456482533487555;0.25;4;4;0;0.3456482533487555;
61500.00000133583;23.354065360578126;0.0;2;2;0;23.354065360578126;
61560.00000133932;0.5398099083016383;0.0;1;1;0;0.5398099083016383;
61620.000001342814;NaN;NaN;0;0;0;NaN;
61680.00000134631;NaN;NaN;0;0;0;NaN;
61740.0000013498;NaN;NaN;0;0;0;NaN;
61800.00000135329;2.3590171774260464;0.25;4;3;1;3.145356236568062;
61860.000001356784;0.9198824973687173;0.3333333333333333;3;2;1;1.379823746053076;
61920.00000136028;37.8194626603479;0.0;1;1;0;37.8194626603479;
61980.00000136377;3.8085453312937023;0.0;4;4;0;3.8085453312937023;
62040.00000136726;43.930515346462585;0.0;2;2;0;43.930515346462585;
62100.000001370754;33.47504487131315;0.0;3;3;0;33.47504487131315;
62160.00000137425;11.833119941831697;0.0;2;2;0;11.833119941831697;
62220.00000137774;53.80654649215844;0.0;1;1;0;53.80654649215844;
62280.00000138123;37.99653691182095;0.0;2;2;0;37.99653691182095;
62340.000001384724;23.997131271821953;0.0;2;2;0;23.997131271821953;
62400.000001388216;0.5051295268243593;0.0;2;2;0;0.5051295268243593;
62460.00000139171;0.5290766062935853;0.0;1;1;0;0.5290766062935853;
62520.0000013952;8.772312798404117;0.25;4;4;0;8.772312798404117;
62580.000001398694;0.5;0.0;1;1;0;0.5;
62640.000001402186;16.83144312441211;0.2;5;5;0;16.83144312441211;
62700.00000140568;NaN;NaN;0;0;0;NaN;
62760.00000140917;7.0107912217318145;0.2857142857142857;7;6;1;8.179256425353783;
62820.00000141266;26.27950523807609;0.0;2;2;0;26.27950523807609;
62880.000001416156;17.15692858735474;0.0;2;2;0;17.15692858735474;
62940.00000141965;12.981774429901177;0.25;4;4;0;12.981774429901177;
63000.00000142314;23.708450671104845;0.0;2;2;0;23.708450671104845;
63060.00000142663;0.4655397933038874;0.0;2;2;0;0.4655397933038874;
63120.000001430126;36.75391314586099;0.0;4;4;0;36.75391314586099;
63180.00000143362;0.5033366336292744;0.0;2;2;0;0.5033366336292744;
63240.00000143711;0.2445116914422586;0.5;2;2;0;0.2445116914422586;
63300.0000014406;43.65585867877842;0.0;1;1;0;43.65585867877842;
63360.000001444096;0.502790462585846;0.0;3;3;0;0.502790462585846;
63420.00000144759;1.3845111883060366;0.5;6;6;0;1.3845111883060366;
63480.00000145108;0.48090553967030736;0.0;2;2;0;0.48090553967030736;
63540.00000145457;14.382373135531935;0.25;4;4;0;14.382373135531935;
63600.000001458066;11.287380180986977;0.25;4;4;0;11.287380180986977;
63660.00000146156;25.02787127721574;0.0;3;3;0;25.02787127721574;
63720.00000146505;5.403528188825459;0.0;3;3;0;5.403528188825459;
63780.00000146854;0.5;0.0;1;1;0;0.5;
63840.000001472035;41.57823012043489;0.0;1;1;0;41.57823012043489;
63900.00000147553;40.42936154302072;0.0;1;1;0;40.42936154302072;
63960.00000147902;17.770298043634757;0.0;2;2;0;17.770298043634757;
64020.00000148251;NaN;NaN;0;0;0;NaN;
64080.000001486005;52.92050222824395;0.0;1;1;0;52.92050222824395;
64140.0000014895;27.49204028956286;0.0;2;2;0;27.49204028956286;
64200.00000149299;0.5;0.0;1;1;0;0.5;
64260.00000149648;34.28228596197133;0.0;1;1;0;34.28228596197133;
64320.000001499975;0.5372282064381727;0.3333333333333333;3;3;0;0.5372282064381727;
64380.00000150347;0.3060068518775328;0.0;3;2;1;0.45901027781629916;
64440.00000150696;16.639882406767352;0.0;3;3;0;16.639882406767352;
64500.00000151045;19.581660169375947;0.0;2;2;0;19.581660169375947;
64560.000001513945;4.45082400794208;0.42857142857142855;7;6;1;5.19262800926576;
64620.00000151744;0.38316456834008006;0.25;4;4;0;0.38316456834008006;
64680.00000152093;0.48530727636581267;0.0;2;2;0;0.48530727636581267;
64740.00000152442;2.41885386598187;0.2857142857142857;7;7;0;2.41885386598187;
64800.000001527915;0.47490650421548947;0.0;3;3;0;0.47490650421548947;
64860.00000153141;0.48386357144325776;0.0;2;2;0;0.48386357144325776;
64920.0000015349;0.5075379521813159;0.0;2;2;0;0.5075379521813159;
64980.00000153839;15.689124484371206;0.3333333333333333;3;3;0;15.689124484371206;
65040.000001541885;0.5425598587658931;0.0;1;1;0;0.5425598587658931;
65100.00000154538;0.5116230325263393;0.0;2;2;0;0.5116230325263393;
65160.00000154887;1.4658082322458938;0.3333333333333333;3;3;0;1.4658082322458938;
65220.00000155236;23.946519423871;0.0;2;2;0;23.946519423871;
65280.000001555854;6.796752858771719;0.0;3;3;0;6.796752858771719;
65340.00000155935;3.2553056889597887;0.0;4;4;0;3.2553056889597887;
65400.00000156284;5.291728759844522;0.25;4;4;0;5.291728759844522;
65460.00000156633;0.47445747414366485;0.0;1;1;0;0.47445747414366485;
65520.000001569824;0.48886428149679595;0.0;2;2;0;0.48886428149679595;
65580.00000157331;NaN;NaN;0;0;0;NaN;
65640.0000015768;NaN;NaN;0;0;0;NaN;
65700.0000015803;0.5180373377167998;0.0;1;1;0;0.5180373377167998;
65760.00000158379;NaN;NaN;0;0;0;NaN;
65820.00000158728;NaN;NaN;0;0;0;NaN;
65880.00000159077;23.658045119680878;0.0;2;2;0;23.658045119680878;
65940.00000159426;0.5;0.0;1;1;0;0.5;
66000.00000159776;0.4642460369674968;0.0;1;1;0;0.4642460369674968;
66060.00000160125;0.5;0.0;1;1;0;0.5;
66120.00000160474;0.5133487419369026;0.0;3;3;0;0.5133487419369026;
66180.00000160823;0.4578599876062476;0.0;1;1;0;0.4578599876062476;
66240.00000161173;15.255103508396493;0.0;2;2;0;15.255103508396493;
66300.00000161522;12.148869096808152;0.25;4;4;0;12.148869096808152;
66360.00000161871;6.743341211315726;0.0;2;2;0;6.743341211315726;
66420.0000016222;50.57078663375731;0.0;2;2;0;50.57078663375731;
66480.0000016257;9.590291370950014;0.0;3;3;0;9.590291370950014;
66540.00000162919;7.028065322549213;0.0;2;2;0;7.028065322549213;
66600.00000163268;NaN;NaN;0;0;0;NaN;
66660.00000163617;12.659221029175535;0.0;2;2;0;12.659221029175535;
66720.00000163967;2.471077366148862;0.0;3;3;0;2.471077366148862;
66780.00000164316;0.5187592430049516;0.0;1;1;0;0.5187592430049516;
66840.00000164665;0.541182217791115;0.0;1;1;0;0.541182217791115;
66900.00000165014;3.985092391334094;0.0;3;3;0;3.985092391334094;
66960.00000165364;NaN;NaN;0;0;0;NaN;
67020.00000165713;0.526108854475623;0.0;3;3;0;0.526108854475623;
67080.00000166062;11.581246053307023;0.25;4;4;0;11.581246053307023;
67140.00000166411;0.24099629742242015;0.0;2;2;0;0.24099629742242015;
67200.0000016676;NaN;NaN;0;0;0;NaN;
67260.0000016711;NaN;NaN;0;0;0;NaN;
67320.00000167459;NaN;NaN;0;0;0;NaN;
67380.00000167808;NaN;NaN;0;0;0;NaN;
67440.00000168158;NaN;NaN;0;0;0;NaN;
67500.00000168507;NaN;NaN;0;0;0;NaN;
67560.00000168856;8.74907010704022;0.0;2;2;0;8.74907010704022;
67620.00000169205;NaN;NaN;0;0;0;NaN;
67680.00000169555;0.25005739864955734;0.5;2;2;0;0.25005739864955734;
67740.00000169904;0.52959962237885;0.0;2;2;0;0.52959962237885;
67800.00000170253;14.405333038448662;0.0;3;3;0;14.405333038448662;
67860.00000170602;22.805849692205655;0.0;2;2;0;22.805849692205655;
67920.00000170952;NaN;NaN;0;0;0;NaN;
67980.00000171301;49.497579409484835;0.0;1;1;0;49.497579409484835;
68040.0000017165;NaN;NaN;0;0;0;NaN;
68100.00000172;0.38331219292989577;0.25;4;4;0;0.38331219292989577;
68160.00000172349;49.63524690376208;0.0;1;1;0;49.63524690376208;
68220.00000172698;44.48055520054605;0.0;1;1;0;44.48055520054605;
68280.00000173047;0.5167041158664606;0.0;1;1;0;0.5167041158664606;
68340.00000173396;0.45562791994386276;0.0;1;1;0;0.45562791994386276;
68400.00000173746;15.239860761131515;0.0;4;4;0;15.239860761131515;
68460.00000174095;0.4819461548446194;0.0;1;1;0;0.4819461548446194;
68520.00000174444;51.37351095224865;0.0;1;1;0;51.37351095224865;
68580.00000174793;0.17692991201581565;0.6666666666666666;3;3;0;0.17692991201581565;
68640.00000175142;0.47225175856312324;0.0;1;1;0;0.47225175856312324;
68700.00000175492;0.5;0.0;1;1;0;0.5;
68760.00000175841;50.79743257327503;0.0;1;1;0;50.79743257327503;
68820.0000017619;NaN;NaN;0;0;0;NaN;
68880.0000017654;NaN;NaN;0;0;0;NaN;
68940.00000176889;0.47559245053057664;0.0;1;1;0;0.47559245053057664;
69000.00000177238;NaN;NaN;0;0;0;NaN;
69060.00000177587;0.49902684920917717;0.0;1;1;0;0.49902684920917717;
69120.00000177936;13.242777834435742;0.0;2;2;0;13.242777834435742;
69180.00000178286;NaN;NaN;0;0;0;NaN;
69240.00000178635;0.5;0.0;1;1;0;0.5;
69300.00000178984;53.065294867464495;0.0;1;1;0;53.065294867464495;
69360.00000179333;0.4530545360970177;0.0;1;1;0;0.4530545360970177;
69420.00000179683;0.5335110153123692;0.0;1;1;0;0.5335110153123692;
69480.00000180032;0.5075591487373602;0.0;2;2;0;0.5075591487373602;
69540.00000180381;5.198696318501714;0.0;2;2;0;5.198696318501714;
69600.0000018073;0.5;0.0;1;1;0;0.5;
69660.0000018108;15.98238978760181;0.0;3;2;1;23.973584681402716;
69720.00000181429;NaN;NaN;0;0;0;NaN;
69780.00000181778;0.5222657592409278;0.0;2;2;0;0.5222657592409278;
69840.00000182127;NaN;NaN;0;0;0;NaN;
69900.00000182477;NaN;NaN;0;0;0;NaN;
69960.00000182826;3.2034091289629374;0.3333333333333333;3;3;0;3.2034091289629374;
70020.00000183175;0.34015068221687045;0.3333333333333333;3;3;0;0.34015068221687045;
70080.00000183524;3.071535644856407;0.0;2;2;0;3.071535644856407;
70140.00000183874;NaN;NaN;0;0;0;NaN;
70200.00000184223;23.524935057514696;0.0;4;4;0;23.524935057514696;
70260.00000184572;10.156058944776062;0.0;2;2;0;10.156058944776062;
70320.00000184921;0.4914726180044707;0.0;2;2;0;0.4914726180044707;
70380.0000018527;7.83329925417345;0.25;4;4;0;7.83329925417345;
70440.0000018562;0.4689283170918418;0.0;2;2;0;0.4689283170918418;
70500.00000185969;4.057749247680982;0.25;4;4;0;4.057749247680982;
70560.00000186318;24.139934635392535;0.0;1;1;0;24.139934635392535;
70620.00000186668;0.7254663895902445;0.25;4;4;0;0.7254663895902445;
70680.00000187017;17.51134225160293;0.0;3;3;0;17.51134225160293;
70740.00000187366;0.5271276389625555;0.0;3;3;0;0.5271276389625555;
70800.00000187715;1.990418887844612;0.3333333333333333;3;3;0;1.990418887844612;
70860.00000188065;NaN;NaN;0;0;0;NaN;
70920.00000188414;0.25;0.0;2;2;0;0.25;
70980.00000188763;0.48381658344547174;0.0;2;2;0;0.48381658344547174;
71040.00000189112;0.5182000090004094;0.0;1;1;0;0.5182000090004094;
71100.00000189462;NaN;NaN;0;0;0;NaN;
71160.00000189811;NaN;NaN;0;0;0;NaN;
71220.0000019016;14.039416319795546;0.25;4;4;0;14.039416319795546;
71280.0000019051;0.4658525852500365;0.0;1;1;0;0.4658525852500365;
71340.00000190859;NaN;NaN;0;0;0;NaN;
71400.00000191208;0.27352673161965363;0.5;2;2;0;0.27352673161965363;
71460.00000191557;4.8811895512699355;0.0;2;2;0;4.8811895512699355;
71520.00000191906;0.5497866151822645;0.0;1;1;0;0.5497866151822645;
71580.00000192256;NaN;NaN;0;0;0;NaN;
71640.00000192605;49.01040634478427;0.0;4;4;0;49.01040634478427;
71700.00000192954;0.5229249847956998;0.0;1;1;0;0.5229249847956998;
71760.00000193303;18.01754829093512;0.0;3;3;0;18.01754829093512;
71820.00000193653;0.5139474729212812;0.0;2;2;0;0.5139474729212812;
71880.00000194002;NaN;NaN;0;0;0;NaN;
71940.00000194351;0.5149792141853461;0.0;1;1;0;0.5149792141853461;
72000.000001947;0.26327622067108497;0.5;2;2;0;0.26327622067108497;
72060.0000019505;NaN;NaN;0;0;0;NaN;
72120.00000195399;10.239569064102167;0.0;2;2;0;10.239569064102167;
72180.00000195748;0.5273254754912254;0.0;1;1;0;0.5273254754912254;
72240.00000196097;NaN;NaN;0;0;0;NaN;
72300.00000196446;0.5;0.0;1;1;0;0.5;
72360.00000196796;0.4725727152934989;0.0;1;1;0;0.4725727152934989;
72420.00000197145;NaN;NaN;0;0;0;NaN;
72480.00000197494;NaN;NaN;0;0;0;NaN;
72540.00000197843;0.26566574902107853;0.5;4;4;0;0.26566574902107853;
72600.00000198193;NaN;NaN;0;0;0;NaN;
72660.00000198542;14.261670176488108;0.0;2;2;0;14.261670176488108;
72720.00000198891;0.8915584764357053;0.5;4;4;0;0.8915584764357053;
72780.0000019924;0.5;0.0;1;1;0;0.5;
72840.0000019959;0.544475189353187;0.0;1;1;0;0.544475189353187;
72900.00000199939;NaN;NaN;0;0;0;NaN;
72960.00000200288;20.794733083946642;0.0;2;2;0;20.794733083946642;
73020.00000200637;NaN;NaN;0;0;0;NaN;
73080.00000200987;NaN;NaN;0;0;0;NaN;
73140.00000201336;39.3257261928665;0.0;1;1;0;39.3257261928665;
73200.00000201685;NaN;NaN;0;0;0;NaN;
73260.00000202034;NaN;NaN;0;0;0;NaN;
73320.00000202384;20.75049747855033;0.0;2;2;0;20.75049747855033;
73380.00000202733;NaN;NaN;0;0;0;NaN;
73440.00000203082;NaN;NaN;0;0;0;NaN;
73500.00000203431;0.5;0.0;1;1;0;0.5;
73560.0000020378;42.01312705159581;0.0;1;1;0;42.01312705159581;
73620.0000020413;NaN;NaN;0;0;0;NaN;
73680.00000204479;NaN;NaN;0;0;0;NaN;
73740.00000204828;NaN;NaN;0;0;0;NaN;
73800.00000205178;14.446051607252235;0.0;3;3;0;14.446051607252235;
73860.00000205527;NaN;NaN;0;0;0;NaN;
73920.00000205876;NaN;NaN;0;0;0;NaN;
73980.00000206225;NaN;NaN;0;0;0;NaN;
74040.00000206575;NaN;NaN;0;0;0;NaN;
74100.00000206924;22.064877671156058;0.0;3;3;0;22.064877671156058;
74160.00000207273;0.5486985189573376;0.0;1;1;0;0.5486985189573376;
74220.00000207622;14.303416312555456;0.0;1;1;0;14.303416312555456;
74280.00000207972;NaN;NaN;0;0;0;NaN;
74340.00000208321;NaN;NaN;0;0;0;NaN;
74400.0000020867;NaN;NaN;0;0;0;NaN;
74460.0000020902;NaN;NaN;0;0;0;NaN;
74520.00000209369;NaN;NaN;0;0;0;NaN;
74580.00000209718;41.646693440358895;0.0;1;1;0;41.646693440358895;
74640.00000210067;0.5034628413258295;0.0;1;1;0;0.5034628413258295;
74700.00000210416;NaN;NaN;0;0;0;NaN;
74760.00000210766;0.4876081532520895;0.0;1;1;0;0.4876081532520895;
74820.00000211115;46.23200019385682;0.0;1;1;0;46.23200019385682;
74880.00000211464;42.94055242905329;0.0;1;1;0;42.94055242905329;
74940.00000211813;NaN;NaN;0;0;0;NaN;
75000.00000212163;NaN;NaN;0;0;0;NaN;
75060.00000212512;NaN;NaN;0;0;0;NaN;
75120.00000212861;51.530690821764495;0.0;1;1;0;51.530690821764495;
75180.0000021321;18.19473729956614;0.0;3;3;0;18.19473729956614;
75240.0000021356;NaN;NaN;0;0;0;NaN;
75300.00000213909;25.61575544266458;0.0;1;1;0;25.61575544266458;
75360.00000214258;0.48184193348935117;0.0;1;1;0;0.48184193348935117;
75420.00000214607;20.70586973770048;0.0;2;2;0;20.70586973770048;
75480.00000214957;NaN;NaN;0;0;0;NaN;
75540.00000215306;NaN;NaN;0;0;0;NaN;
75600.00000215655;53.23641200884136;0.0;1;1;0;53.23641200884136;
75660.00000216004;NaN;NaN;0;0;0;NaN;
75720.00000216354;47.791424250197196;0.0;1;1;0;47.791424250197196;
75780.00000216703;23.378317324822493;0.0;2;2;0;23.378317324822493;
75840.00000217052;NaN;NaN;0;0;0;NaN;
75900.00000217401;10.611011251951641;0.0;1;1;0;10.611011251951641;
75960.0000021775;NaN;NaN;0;0;0;NaN;
76020.000002181;52.437479346739245;0.0;1;1;0;52.437479346739245;
76080.00000218449;16.54219485975623;0.0;1;1;0;16.54219485975623;
76140.00000218798;32.574167371897566;0.0;3;3;0;32.574167371897566;
76200.00000219147;0.49812419412758224;0.0;1;1;0;0.49812419412758224;
76260.00000219497;0.5;0.0;1;1;0;0.5;
76320.00000219846;NaN;NaN;0;0;0;NaN;
76380.00000220195;0.4717825038542719;0.0;1;1;0;0.4717825038542719;
76440.00000220544;0.5065281609721483;0.0;1;1;0;0.5065281609721483;
76500.00000220894;NaN;NaN;0;0;0;NaN;
76560.00000221243;0.25;0.0;2;2;0;0.25;
76620.00000221592;0.5143888505326926;0.0;2;2;0;0.5143888505326926;
76680.00000221941;NaN;NaN;0;0;0;NaN;
76740.0000022229;NaN;NaN;0;0;0;NaN;
76800.0000022264;NaN;NaN;0;0;0;NaN;
76860.00000222989;5.884028260697671;0.0;2;2;0;5.884028260697671;
76920.00000223338;0.4863961660594106;0.0;2;2;0;0.4863961660594106;
76980.00000223688;0.46003763873795367;0.0;1;1;0;0.46003763873795367;
77040.00000224037;0.47584030166864144;0.0;1;1;0;0.47584030166864144;
77100.00000224386;0.48230608656954543;0.0;2;2;0;0.48230608656954543;
77160.00000224735;0.5050853957465911;0.0;1;1;0;0.5050853957465911;
77220.00000225085;NaN;NaN;0;0;0;NaN;
77280.00000225434;0.2250205412154136;0.0;2;2;0;0.2250205412154136;
77340.00000225783;0.5449400042158451;0.0;1;1;0;0.5449400042158451;
77400.00000226132;25.406816466214355;0.0;2;2;0;25.406816466214355;
77460.00000226482;NaN;NaN;0;0;0;NaN;
77520.00000226831;14.77948940294554;0.0;2;2;0;14.77948940294554;
77580.0000022718;NaN;NaN;0;0;0;NaN;
77640.0000022753;0.5176777359219362;0.0;2;2;0;0.5176777359219362;
77700.00000227879;15.88653345212308;0.0;3;3;0;15.88653345212308;
77760.00000228228;0.5393257753795515;0.0;1;1;0;0.5393257753795515;
77820.00000228577;45.39216596084077;0.0;1;1;0;45.39216596084077;
77880.00000228926;0.5;0.0;1;1;0;0.5;
77940.00000229276;NaN;NaN;0;0;0;NaN;
78000.00000229625;9.303673752166862;0.0;1;1;0;9.303673752166862;
78060.00000229974;NaN;NaN;0;0;0;NaN;
78120.00000230323;NaN;NaN;0;0;0;NaN;
78180.00000230673;NaN;NaN;0;0;0;NaN;
78240.00000231022;NaN;NaN;0;0;0;NaN;
78300.00000231371;0.5115668156725597;0.0;2;2;0;0.5115668156725597;
78360.0000023172;0.233782876205675;0.5;2;2;0;0.233782876205675;
78420.0000023207;NaN;NaN;0;0;0;NaN;
78480.00000232419;NaN;NaN;0;0;0;NaN;
78540.00000232768;0.5432624800184586;0.0;1;1;0;0.5432624800184586;
78600.00000233117;NaN;NaN;0;0;0;NaN;
78660.00000233467;50.06949998342166;0.0;1;1;0;50.06949998342166;
78720.00000233816;NaN;NaN;0;0;0;NaN;
78780.00000234165;NaN;NaN;0;0;0;NaN;
78840.00000234514;NaN;NaN;0;0;0;NaN;
78900.00000234864;NaN;NaN;0;0;0;NaN;
78960.00000235213;NaN;NaN;0;0;0;NaN;
79020.00000235562;0.47615451162464223;0.0;1;1;0;0.47615451162464223;
79080.00000235911;NaN;NaN;0;0;0;NaN;
79140.0000023626;NaN;NaN;0;0;0;NaN;
79200.0000023661;17.840880141314656;0.0;3;3;0;17.840880141314656;
79260.00000236959;NaN;NaN;0;0;0;NaN;
79320.00000237308;0.47061706377415524;0.0;1;1;0;0.47061706377415524;
79380.00000237658;NaN;NaN;0;0;0;NaN;
79440.00000238007;NaN;NaN;0;0;0;NaN;
79500.00000238356;NaN;NaN;0;0;0;NaN;
79560.00000238705;NaN;NaN;0;0;0;NaN;
79620.00000239054;0.5068393257744251;0.0;1;1;0;0.5068393257744251;
79680.00000239404;NaN;NaN;0;0;0;NaN;
79740.00000239753;NaN;NaN;0;0;0;NaN;
79800.00000240102;NaN;NaN;0;0;0;NaN;
79860.00000240451;0.5386865251570562;0.0;1;1;0;0.5386865251570562;
79920.00000240801;0.22903156938514876;0.0;2;2;0;0.22903156938514876;
79980.0000024115;15.803567029075724;0.0;3;3;0;15.803567029075724;
80040.00000241499;0.5149176959973583;0.0;2;2;0;0.5149176959973583;
80100.00000241848;0.5462382929556191;0.0;1;1;0;0.5462382929556191;
80160.00000242198;NaN;NaN;0;0;0;NaN;
80220.00000242547;NaN;NaN;0;0;0;NaN;
80280.00000242896;25.632586771846896;0.0;1;1;0;25.632586771846896;
80340.00000243245;53.95226771923015;0.0;1;1;0;53.95226771923015;
80400.00000243595;0.45715482544757413;0.0;1;1;0;0.45715482544757413;
80460.00000243944;NaN;NaN;0;0;0;NaN;
80520.00000244293;NaN;NaN;0;0;0;NaN;
80580.00000244642;0.3295292798932765;0.0;3;3;0;0.3295292798932765;
80640.00000244992;NaN;NaN;0;0;0;NaN;
80700.00000245341;NaN;NaN;0;0;0;NaN;
80760.0000024569;19.177740267006534;0.0;2;2;0;19.177740267006534;
80820.0000024604;NaN;NaN;0;0;0;NaN;
80880.00000246389;NaN;NaN;0;0;0;NaN;
80940.00000246738;NaN;NaN;0;0;0;NaN;
81000.00000247087;NaN;NaN;0;0;0;NaN;
81060.00000247436;0.4823822926814634;0.0;1;1;0;0.4823822926814634;
81120.00000247786;NaN;NaN;0;0;0;NaN;
81180.00000248135;12.92359530139117;0.0;1;1;0;12.92359530139117;
81240.00000248484;15.955049062878144;0.0;1;1;0;15.955049062878144;
81300.00000248833;NaN;NaN;0;0;0;NaN;
81360.00000249183;0.4996808159771649;0.0;1;1;0;0.4996808159771649;
81420.00000249532;47.503681917175776;0.0;1;1;0;47.503681917175776;
81480.00000249881;NaN;NaN;0;0;0;NaN;
81540.0000025023;0.4707822440851399;0.0;1;1;0;0.4707822440851399;
81600.0000025058;0.5098021431856549;0.0;1;1;0;0.5098021431856549;
81660.00000250929;0.5484784072540468;0.0;1;1;0;0.5484784072540468;
81720.00000251278;NaN;NaN;0;0;0;NaN;
81780.00000251627;51.274597936628055;0.0;1;1;0;51.274597936628055;
81840.00000251977;0.46132006244902063;0.0;1;1;0;0.46132006244902063;
81900.00000252326;0.46827246798924094;0.0;1;1;0;0.46827246798924094;
81960.00000252675;NaN;NaN;0;0;0;NaN;
82020.00000253024;0.46473939657748464;0.0;1;1;0;0.46473939657748464;
82080.00000253374;0.5109941797834456;0.0;2;2;0;0.5109941797834456;
82140.00000253723;NaN;NaN;0;0;0;NaN;
82200.00000254072;NaN;NaN;0;0;0;NaN;
82260.00000254421;0.5063724747009382;0.0;1;1;0;0.5063724747009382;
82320.0000025477;NaN;NaN;0;0;0;NaN;
82380.0000025512;0.4666567361937182;0.0;1;1;0;0.4666567361937182;
82440.00000255469;0.5;0.0;1;1;0;0.5;
82500.00000255818;NaN;NaN;0;0;0;NaN;
82560.00000256168;NaN;NaN;0;0;0;NaN;
82620.00000256517;0.5046102201505764;0.0;1;1;0;0.5046102201505764;
82680.00000256866;NaN;NaN;0;0;0;NaN;
82740.00000257215;0.4879234919787325;0.0;1;1;0;0.4879234919787325;
82800.00000257565;0.5499683468495634;0.0;1;1;0;0.5499683468495634;
82860.00000257914;NaN;NaN;0;0;0;NaN;
82920.00000258263;NaN;NaN;0;0;0;NaN;
82980.00000258612;44.34954946237072;0.0;2;2;0;44.34954946237072;
83040.00000258962;0.5384335312540295;0.0;1;1;0;0.5384335312540295;
83100.00000259311;NaN;NaN;0;0;0;NaN;
83160.0000025966;0.5474012846564266;0.0;1;1;0;0.5474012846564266;
83220.00000260009;NaN;NaN;0;0;0;NaN;
83280.00000260359;0.5;0.0;1;1;0;0.5;
83340.00000260708;25.163643563914032;0.0;1;1;0;25.163643563914032;
83400.00000261057;NaN;NaN;0;0;0;NaN;
83460.00000261406;NaN;NaN;0;0;0;NaN;
83520.00000261755;NaN;NaN;0;0;0;NaN;
83580.00000262105;NaN;NaN;0;0;0;NaN;
83640.00000262454;NaN;NaN;0;0;0;NaN;
83700.00000262803;NaN;NaN;0;0;0;NaN;
83760.00000263152;NaN;NaN;0;0;0;NaN;
83820.00000263502;0.5;0.0;1;1;0;0.5;
83880.00000263851;NaN;NaN;0;0;0;NaN;
83940.000002642;33.85723092196356;0.0;1;1;0;33.85723092196356;
84000.0000026455;NaN;NaN;0;0;0;NaN;
84060.00000264899;NaN;NaN;0;0;0;NaN;
84120.00000265248;NaN;NaN;0;0;0;NaN;
84180.00000265597;NaN;NaN;0;0;0;NaN;
84240.00000265946;NaN;NaN;0;0;0;NaN;
84300.00000266296;21.80281063754449;0.0;1;1;0;21.80281063754449;
84360.00000266645;NaN;NaN;0;0;0;NaN;
84420.00000266994;0.46014609924651445;0.0;1;1;0;0.46014609924651445;
84480.00000267343;NaN;NaN;0;0;0;NaN;
84540.00000267693;NaN;NaN;0;0;0;NaN;
84600.00000268042;NaN;NaN;0;0;0;NaN;
84660.00000268391;0.4953242201670075;0.0;1;1;0;0.4953242201670075;
84720.0000026874;0.5;0.0;1;1;0;0.5;
84780.0000026909;29.151878627860068;0.0;1;1;0;29.151878627860068;
84840.00000269439;0.5332520611717783;0.0;1;1;0;0.5332520611717783;
84900.00000269788;NaN;NaN;0;0;0;NaN;
84960.00000270137;NaN;NaN;0;0;0;NaN;
85020.00000270487;0.48831751836102805;0.0;2;2;0;0.48831751836102805;
85080.00000270836;NaN;NaN;0;0;0;NaN;
85140.00000271185;0.4844609247387848;0.0;1;1;0;0.4844609247387848;
85200.00000271534;0.5339457011786263;0.0;1;1;0;0.5339457011786263;
85260.00000271884;33.71753768873167;0.0;1;1;0;33.71753768873167;
85320.00000272233;NaN;NaN;0;0;0;NaN;
85380.00000272582;NaN;NaN;0;0;0;NaN;
85440.00000272931;0.36622694211267914;0.3333333333333333;3;3;0;0.36622694211267914;
85500.0000027328;0.2868286788266586;0.5;2;2;0;0.2868286788266586;
85560.0000027363;45.242096463177944;0.0;1;1;0;45.242096463177944;
85620.00000273979;NaN;NaN;0;0;0;NaN;
85680.00000274328;9.03427694674613;0.0;1;1;0;9.03427694674613;
85740.00000274678;NaN;NaN;0;0;0;NaN;
85800.00000275027;NaN;NaN;0;0;0;NaN;
85860.00000275376;NaN;NaN;0;0;0;NaN;
85920.00000275725;0.5;0.0;1;1;0;0.5;
85980.00000276075;17.303191835160938;0.0;3;3;0;17.303191835160938;
86040.00000276424;0.5087748858027105;0.0;3;3;0;0.5087748858027105;
86100.00000276773;NaN;NaN;0;0;0;NaN;
86160.00000277122;0.45987285922999366;0.0;1;1;0;0.45987285922999366;
86220.00000277472;0.45987285922999366;0.0;1;1;0;0.45987285922999366;
86280.00000277821;38.378761263155674;0.0;1;1;0;38.378761263155674;
86340.0000027817;0.5;0.0;2;2;0;0.5;
86400.0000027852;0.46082516702811804;0.0;1;1;0;0.46082516702811804;
