time;avg_velo;frac_wait;numb_cars
60.049999999998725;0.1428571421811031;0.0;1
120.04999999999532;0.0;0.0;1
180.00000000000668;0.0;0.0;1
240.00000000002032;0.07142857142857142;0.0;1
300.00000000003394;0.0;0.0;1
360.0000000000476;0.06881661833981559;0.0;1
420.0000000000612;0.07513522528558472;0.0;2
480.00000000007486;1.6422191593043023;0.0;1
540.0000000000566;0.0;0.0;0
600.000000000002;0.0;0.0;0
660.0499999999474;5.659558957033439;0.0;2
720.0499999998929;0.0;0.0;0
780.0499999998383;0.0;0.0;0
840.0499999997837;0.0;0.0;0
900.0499999997292;0.0;0.0;1
960.0499999996746;6.443984643322508;0.0;1
1020.04999999962;1.0274801311012935;0.0;2
1080.0499999995654;0.0;0.0;0
1140.0499999995109;0.1292835285334358;0.0;1
1200.0499999994563;6.536216491486988;0.0;1
1260.0499999994017;0.1313790864544618;0.0;2
1320.0499999993472;2.4996689205923874;0.0;1
1380.0499999992926;0.13862457479561227;0.0;1
1440.049999999238;0.0;0.0;0
1500.0499999991835;0.14004584365355305;0.0;1
1560.0499999991289;5.313672740153931;0.0;2
1620.0499999990743;5.148996615471901;0.0;3
1680.0499999990197;0.0;0.0;0
1740.0499999989652;0.14689388884152002;0.0;1
1800.0499999989106;0.15689231797856845;0.0;1
1860.049999998856;0.1296736603397415;0.0;1
1920.0499999988015;0.0;0.0;0
1980.049999998747;0.0;0.0;0
2040.0499999986923;0.1454685341488007;0.0;1
2100.0499999988742;0.0;0.0;0
2160.0499999990925;0.0;0.0;0
2220.049999999311;0.0;0.0;0
2280.049999999529;0.0;0.0;0
2340.0499999997473;0.1554338137614499;0.0;1
2400.0499999999656;0.0;0.0;0
2460.0000000001837;4.312482591906203;0.0;3
2520.000000000402;0.0;0.0;1
2580.0000000006203;0.0;0.0;1
2640.0000000008386;3.5519337123591823;0.0;2
2700.000000001057;0.0;0.0;0
2760.000000001275;0.07231766279596748;0.0;2
2820.0000000014934;0.0;0.0;1
2880.0000000017117;0.0;0.0;1
2940.00000000193;0.0;0.0;1
3000.000000002148;0.0;0.0;0
3060.0000000023665;8.826858246635267;0.0;3
3120.000000002585;0.0;0.0;0
3180.000000002803;6.821510012141164;0.0;3
3240.0000000030213;13.25771205818609;0.0;3
3300.0000000032396;0.07142857142857142;0.0;2
3360.000000003458;0.0;0.0;1
3420.000000003676;0.07142857142857142;0.0;1
3480.0000000038945;0.0;0.0;0
3540.0000000041127;0.0;0.0;0
3600.000000004331;0.0;0.0;0
3660.0000000045493;5.904182516390497;0.0;2
3720.0000000047676;7.966789782904393;0.0;3
3780.000000004986;0.0;0.0;0
3840.000000005204;5.239382206623629;0.0;1
3900.0000000054224;0.07306733430186159;0.0;1
3960.0000000056407;0.0;0.0;0
4020.000000005859;0.0;0.0;0
4080.0000000060772;0.0;0.0;1
4140.0000000062955;0.14941806900317647;0.0;2
4200.000000006514;0.07142857142857142;0.0;1
4260.000000006732;0.0;0.0;0
4320.00000000695;0.07142857142857142;0.0;1
4380.000000007169;0.0;0.0;0
4440.000000007387;0.0;0.0;1
4500.000000007605;1.2661733799601056;0.0;3
4560.0000000078235;0.0;0.0;0
4620.000000008042;0.0;0.0;0
4680.00000000826;0.07142857142857142;0.0;1
4740.000000008478;0.0;0.0;0
4800.000000008697;6.68817514230111;0.0;1
4860.000000008915;4.86432589713967;0.0;2
4920.000000009133;0.07329310709686773;0.0;1
4980.000000009351;0.0;0.0;1
5040.00000000957;0.0;0.0;1
5100.000000009788;0.0;0.0;0
5160.000000010006;0.07142857142857142;0.0;1
5220.0000000102245;0.0;0.0;0
5280.000000010443;0.0;0.0;0
5340.000000010661;0.985881227432958;0.0;2
5400.000000010879;0.23544113656379612;0.0;2
5460.000000011098;7.225529449359281;0.0;1
5520.000000011316;5.184525625766223;0.0;2
5580.000000011534;0.0;0.0;0
5640.0000000117525;0.0;0.0;0
5700.000000011971;0.0;0.0;0
5760.000000012189;0.0;0.0;0
5820.000000012407;0.07557007849097673;0.0;1
5880.000000012626;5.8806366951069995;0.0;1
5940.000000012844;0.0;0.0;1
6000.000000013062;0.0;0.0;0
6060.00000001328;0.0;0.0;1
6120.000000013499;0.07652816894353758;0.0;1
6180.000000013717;0.06694979108121683;0.0;1
6240.000000013935;0.0;0.0;0
6300.000000014154;0.0727429266039505;0.0;1
6360.000000014372;0.0;0.0;0
6420.00000001459;0.13688719555161358;0.0;3
6480.000000014808;0.06823980774728529;0.0;1
6540.000000015027;0.06717068490554505;0.0;1
6600.000000015245;0.0;0.0;0
6660.000000015463;0.0;0.0;0
6720.0000000156815;0.0;0.0;0
6780.0000000159;2.089758779437287;0.0;1
6840.000000016118;0.0;0.0;1
6900.000000016336;0.0;0.0;0
6960.000000016555;0.0;0.0;0
7020.000000016773;0.0;0.0;0
7080.000000016991;6.117093598033331;0.0;2
7140.0000000172095;0.15343646948464199;0.14285714285714285;4
7200.000000017428;0.9999551845946945;0.0;1
7260.000000017646;0.0685769856215842;0.0;1
7320.000000017864;0.0;0.0;0
7380.000000018083;0.0;0.0;0
7440.000000018301;0.06984524198380658;0.0;1
7500.000000018519;0.0;0.0;1
7560.000000018737;0.0;0.0;0
7620.000000018956;0.07782044163262082;0.0;1
7680.000000019174;2.920414029863739;0.0;3
7740.000000019392;2.3377516270079113;0.0;3
7800.0000000196105;0.0;0.0;0
7860.000000019829;1.6226973244827987;0.0;1
7920.000000020047;0.0;0.0;0
7980.000000020265;0.0;0.0;0
8040.000000020484;0.0;0.0;0
8100.000000020702;3.029029020738954;0.0;3
8160.00000002092;0.0;0.0;0
8220.00000002063;0.0;0.0;0
8280.000000019756;0.0;0.0;0
8340.000000018883;0.0;0.0;0
8400.00000001801;2.9196176853411453;0.0;2
8460.000000017137;6.043885610766765;0.0;2
8520.000000016264;0.07565597287728987;0.0;1
8580.00000001539;0.0;0.0;0
8640.000000014517;0.07143120494674186;0.0;1
8700.000000013644;1.1677366868102952;0.0;2
8760.000000012771;0.0;0.0;0
8820.000000011898;0.0;0.0;0
8880.000000011025;0.0;0.0;0
8940.000000010152;0.0;0.0;0
9000.000000009279;0.0;0.0;0
9060.000000008406;0.06935714513681385;0.0;1
9120.000000007532;0.07142857142857142;0.0;1
9180.00000000666;0.0;0.0;0
9240.000000005786;0.0;0.0;0
9300.000000004913;0.0;0.0;1
9360.00000000404;0.0654320161667034;0.0;1
9420.000000003167;0.0;0.0;1
9480.000000002294;0.06794329658809974;0.0;1
9540.00000000142;1.3567036587397203;0.0;2
9600.000000000548;0.0;0.0;0
9660.049999999674;6.481134642727142;0.0;1
9720.0499999988;0.14234213941297472;0.0;1
9780.049999997927;0.0;0.0;0
9840.049999997054;0.0;0.0;0
9900.049999996181;0.0;0.0;1
9960.049999995308;0.0;0.0;0
10020.049999994435;0.13559672968866754;0.0;1
10080.049999993562;1.6036407908025743;0.0;2
10140.049999992689;0.0;0.0;0
10200.049999991816;0.0;0.0;0
10260.049999990943;0.0;0.0;0
10320.04999999007;0.0;0.0;0
10380.049999989196;0.0;0.0;0
10440.049999988323;2.030404359915912;0.0;2
10500.04999998745;4.993237711770537;0.0;2
10560.049999986577;0.0;0.0;0
10620.049999985704;0.0;0.0;0
10680.04999998483;0.0;0.0;0
10740.049999983958;0.0;0.0;0
10800.049999983084;1.4809847110273562;0.0;1
10860.049999982211;0.14285714234906105;0.0;1
10920.049999981338;0.1570795719456483;0.0;2
10980.049999980465;0.14285714234029814;0.0;1
11040.049999979592;0.0;0.0;0
11100.049999978719;0.0;0.0;0
11160.049999977846;0.0;0.0;0
11220.049999976973;0.0;0.0;0
11280.0499999761;0.0;0.0;0
11340.049999975226;0.23489698174119258;0.14285714285714285;3
11400.049999974353;0.0;0.0;0
11460.04999997348;0.0;0.0;0
11520.049999972607;0.0;0.0;0
11580.049999971734;0.0;0.0;0
11640.04999997086;0.0;0.0;0
11700.049999969988;0.14285714207843142;0.0;2
11760.049999969115;0.0;0.0;0
11820.049999968242;7.948392017422356;0.0;3
11880.049999967368;0.0;0.0;0
11940.049999966495;0.0;0.0;0
12000.049999965622;0.0;0.0;1
12060.049999964749;4.15299606541945;0.0;1
12120.049999963876;0.0;0.0;0
12180.049999963003;0.0;0.0;1
12240.04999996213;0.0;0.0;0
12300.049999961257;0.0;0.0;0
12360.049999960384;7.42508319430442;0.0;1
12420.04999995951;6.034944467448429;0.0;1
12480.049999958637;0.0;0.0;0
12540.049999957764;0.0;0.0;0
12600.049999956891;2.737974982451483;0.0;2
12660.049999956018;0.14891013380214124;0.0;1
12720.049999955145;0.0;0.0;0
12780.049999954272;6.036712016643421;0.0;1
12840.049999953399;0.0;0.0;0
12900.049999952525;7.4332560637528795;0.0;1
12960.049999951652;0.0;0.0;0
13020.04999995078;0.0;0.0;0
13080.049999949906;0.0;0.0;0
13140.049999949033;0.0;0.0;0
13200.04999994816;0.0;0.0;0
13260.049999947287;0.0;0.0;0
13320.049999946414;0.0;0.0;0
13380.04999994554;0.0;0.0;0
13440.049999944667;0.0;0.0;0
13500.049999943794;0.0;0.0;0
13560.049999942921;0.14285714235042143;0.0;1
13620.049999942048;0.0;0.0;0
13680.049999941175;0.0;0.0;1
13740.049999940302;5.734099056335083;0.0;1
13800.049999939429;0.0;0.0;1
13860.049999938556;0.0;0.0;0
13920.049999937683;12.949977047105032;0.0;2
13980.04999993681;7.089587627225776;0.0;1
14040.049999935936;2.575868067649627;0.0;3
14100.049999935063;0.14484087965885487;0.0;1
14160.04999993419;0.0;0.0;0
14220.049999933317;0.0;0.0;0
14280.049999932444;0.0;0.0;0
14340.04999993157;0.0;0.0;1
14400.049999930698;0.0;0.0;0
14460.049999929824;0.0;0.0;0
14520.049999928951;0.1295983647986269;0.0;1
14580.049999928078;0.0;0.0;1
14640.049999927205;0.13238342388682747;0.0;1
14700.049999926332;0.0;0.0;0
14760.049999925459;0.0;0.0;0
14820.049999924586;3.2721600713986185;0.0;4
14880.049999923713;0.14285714231779698;0.0;2
14940.04999992284;0.0;0.0;0
15000.049999921966;0.0;0.0;1
15060.049999921093;0.0;0.0;0
15120.04999992022;0.008979832798729288;0.14285714285714285;2
15180.049999919347;0.0;0.0;0
15240.049999918474;0.0;0.0;0
15300.0499999176;0.0;0.0;0
15360.049999916728;0.14285714215248976;0.0;1
15420.049999915855;0.13149426442002957;0.0;1
15480.049999914982;1.8226441150110482;0.0;1
15540.049999914108;0.15525821113002194;0.2857142857142857;4
15600.049999913235;0.0;0.0;0
15660.049999912362;0.0;0.0;0
15720.049999911489;0.13105508644647354;0.0;1
15780.049999910616;0.0;0.0;0
15840.049999909743;0.0;0.0;0
15900.04999990887;0.6162317265486779;0.0;1
15960.049999907997;0.1391199875594946;0.0;1
16020.049999907123;0.0;0.0;0
16080.04999990625;0.0;0.0;0
16140.049999905377;0.0;0.0;0
16200.049999904504;0.1428571423300057;0.0;1
16260.049999903631;0.0;0.0;0
16320.049999902758;0.0;0.0;0
16380.049999901885;0.0;0.0;0
16440.049999901014;0.0;0.0;0
16500.04999990014;0.0;0.0;0
16560.049999899267;1.5570649767348106;0.0;3
16620.049999898394;3.6695443473015343;0.0;1
16680.04999989752;5.215247711441148;0.0;2
16740.049999896648;3.293593793919789;0.0;2
16800.049999895775;5.9539829301949405;0.0;2
16860.0499998949;2.456524409257251;0.0;1
16920.04999989403;6.1245045689275015;0.0;2
16980.049999893155;0.0;0.0;0
17040.049999892282;0.0;0.0;0
17100.04999989141;0.14470848898887181;0.0;2
17160.049999890536;2.7246577371834455;0.0;1
17220.049999889663;3.7268130320344546;0.0;2
17280.04999988879;0.0;0.0;0
17340.049999887917;0.0;0.0;0
17400.049999887044;0.0;0.0;0
17460.04999988617;7.860402687775692;0.0;2
17520.049999885297;7.406025054829361;0.0;1
17580.049999884424;0.0;0.0;0
17640.04999988355;0.0;0.0;0
17700.049999882678;0.15298493208689923;0.0;1
17760.049999881805;0.0;0.0;0
17820.049999880932;0.29515209765076905;0.0;2
17880.04999988006;0.13608205742707802;0.0;1
17940.049999879186;0.0;0.0;1
18000.049999878313;0.2980302084959212;0.14285714285714285;4
18060.04999987744;6.703384300753024;0.0;2
18120.049999876566;5.632349729553944;0.0;1
18180.049999875693;0.13371250993720693;0.0;1
18240.04999987482;7.277490089511869;0.0;1
18300.049999873947;0.0;0.0;0
18360.049999873074;0.3472095861774214;0.0;2
18420.0499998722;4.541956105639334;0.0;1
18480.049999871328;0.0;0.0;0
18540.049999870454;7.18784755927104;0.14285714285714285;4
18600.04999986958;2.7398866242487787;0.0;2
18660.04999986871;7.798676073068868;0.0;2
18720.049999867835;7.064435977658578;0.0;1
18780.049999866962;6.4939340203078535;0.0;1
18840.04999986609;0.0;0.0;0
18900.049999865216;0.1428571419503779;0.0;1
18960.049999864343;0.1376422419390957;0.0;1
19020.04999986347;0.0;0.0;0
19080.049999862596;0.0;0.0;0
19140.049999861723;0.1426790851507614;0.0;1
19200.04999986085;0.14376867480488387;0.0;2
19260.049999859977;0.0;0.0;0
19320.049999859104;0.0;0.0;0
19380.04999985823;0.4043215032462633;0.0;1
19440.049999857358;9.189604488412986;0.0;3
19500.049999856485;0.12875949823673352;0.0;1
19560.04999985561;0.14698211224455898;0.0;2
19620.04999985474;0.14285714225163423;0.0;1
19680.049999853865;0.818233793764457;0.0;2
19740.049999852992;0.0;0.0;0
19800.04999985212;0.1306416975163144;0.0;1
19860.049999851246;0.0;0.0;0
19920.049999850373;3.6300567357981066;0.0;3
19980.0499998495;0.14925692252227035;0.0;1
20040.049999848627;1.6336837738199674;0.0;2
20100.049999847753;4.384297187176506;0.0;3
20160.04999984688;8.310059107664786;0.0;3
20220.049999846007;0.1438052871135946;0.0;2
20280.049999845134;0.0;0.0;1
20340.04999984426;6.663546657902542;0.0;2
20400.049999843388;0.15101362729963302;0.0;3
20460.049999842515;0.0;0.0;1
20520.04999984164;0.0;0.0;0
20580.04999984077;0.2730536140233913;0.0;3
20640.049999839895;0.0;0.0;0
20700.049999839022;0.0;0.0;0
20760.04999983815;0.0;0.0;0
20820.049999837276;2.231834907613933;0.0;2
20880.049999836403;0.14008851509568415;0.0;1
20940.04999983553;2.7712051874920762;0.0;3
21000.049999834657;0.0;0.0;1
21060.049999833784;0.13083767304609575;0.0;2
21120.04999983291;2.608314114885979;0.0;1
21180.049999832037;0.1323817527684154;0.0;2
21240.049999831164;0.0;0.0;1
21300.04999983029;0.8952793744183286;0.0;1
21360.049999829418;4.930471384693605;0.0;1
21420.049999828545;0.1377785035282962;0.0;1
21480.049999827672;0.0;0.0;1
21540.0499998268;0.0;0.0;0
21600.049999825926;3.5945676320222364;0.0;2
21660.049999825053;9.570029054480987;0.0;3
21720.04999982418;2.638241317583602;0.0;2
21780.049999823306;0.14285714220672538;0.0;3
21840.049999822433;6.898585545662279;0.0;1
21900.04999982156;2.790354288067744;0.0;2
21960.049999820687;11.40470281446733;0.0;4
22020.049999819814;11.023201762273532;0.0;5
22080.04999981894;0.44403190646965146;0.0;2
22140.049999818068;0.15145151017742448;0.0;1
22200.049999817194;10.592073784091383;0.0;2
22260.04999981632;5.249009036573949;0.14285714285714285;4
22320.04999981545;13.293761413267605;0.0;3
22380.049999814575;17.23516045309559;0.0;5
22440.049999813702;0.0;0.0;0
22500.04999981283;6.25376325918562;0.14285714285714285;5
22560.049999811956;7.16752722738346;0.0;4
22620.049999811083;1.8545304011884312;0.14285714285714285;3
22680.04999981021;6.751537655802669;0.0;4
22740.049999809336;1.2747755619623657;0.0;3
22800.049999808463;6.4402056496280755;0.0;2
22860.04999980759;2.4520865199106967;0.14285714285714285;5
22920.049999806717;0.0;0.0;1
22980.049999805844;0.14285714187957813;0.0;1
23040.04999980497;0.0;0.0;1
23100.049999804098;0.14285714187417503;0.0;3
23160.049999803225;6.957740913252377;0.0;3
23220.04999980235;0.0;0.0;0
23280.04999980148;27.908315608162702;0.0;6
23340.049999800605;2.4141359488464538;0.0;2
23400.049999799732;0.0;0.0;1
23460.04999979886;2.6864481981408104;0.0;2
23520.049999797986;0.34234515611427646;0.14285714285714285;5
23580.049999797113;0.14209818176555694;0.0;1
23640.04999979624;0.3397608858546934;0.0;2
23700.049999795367;0.1341916108485099;0.0;3
23760.049999794493;0.3267749104549115;0.2857142857142857;5
23820.04999979362;4.213271209141296;0.0;2
23880.049999792747;13.853881917365584;0.14285714285714285;5
23940.049999791874;0.13925168057648188;0.0;3
24000.049999791;1.5860003578060238;0.0;3
24060.049999790128;1.581587701188805;0.0;5
24120.049999789255;17.7144947286861;0.0;4
24180.04999978838;0.292078812447183;0.0;3
24240.04999978751;2.2989539118174345;0.0;2
24300.049999786635;5.004858865856868;0.14285714285714285;5
24360.049999785762;9.154261846461024;0.0;3
24420.04999978489;2.21316438254972;0.14285714285714285;6
24480.049999784016;0.1324007839922732;0.0;2
24540.049999783143;0.1554213591348336;0.0;3
24600.04999978227;6.812165126689757;0.0;2
24660.049999781397;8.028074086751314;0.0;3
24720.049999780524;8.411257622918086;0.0;5
24780.04999977965;0.0;0.0;0
24840.049999778777;7.1636333569078605;0.0;5
24900.049999777904;0.0;0.0;0
24960.04999977703;3.1551146393432896;0.0;3
25020.049999776158;6.0498052331554435;0.0;3
25080.049999775285;7.047574872454093;0.0;2
25140.049999774412;7.855483519646419;0.0;2
25200.04999977354;3.464596599888249;0.0;3
25260.049999772666;11.310294023456875;0.0;6
25320.049999771792;0.1422342814844837;0.0;1
25380.04999977092;1.4646767690795033;0.0;4
25440.049999770046;2.492002150250061;0.0;4
25500.049999769173;10.125134764053168;0.14285714285714285;6
25560.0499997683;7.233460993196805;0.2857142857142857;8
25620.049999767427;6.843441115583842;0.0;3
25680.049999766554;0.8968221800728386;0.14285714285714285;3
25740.04999976568;0.3067453000193415;0.14285714285714285;5
25800.049999764808;4.6816806318122435;0.2857142857142857;6
25860.049999763934;2.0447133589087323;0.14285714285714285;5
25920.04999976306;7.742884104083224;0.0;6
25980.04999976219;7.5854427378591485;0.14285714285714285;5
26040.049999761315;0.0;0.0;1
26100.049999760442;16.877827003157723;0.0;6
26160.04999975957;19.543293556401117;0.0;10
26220.049999758696;8.33283583392522;0.0;5
26280.049999757823;8.679810412986946;0.2857142857142857;8
26340.04999975695;12.477503173831675;0.0;5
26400.049999756076;1.9353795606485258;0.0;5
26460.049999755203;0.2909373546656255;0.0;3
26520.04999975433;19.712039853682228;0.0;6
26580.049999753457;0.6004264821141402;0.14285714285714285;7
26640.049999752584;0.34982032020544473;0.14285714285714285;3
26700.04999975171;0.1444743259679808;0.0;2
26760.049999750838;2.9445228936723593;0.14285714285714285;4
26820.049999749965;0.2906488632398684;0.0;4
26880.04999974909;2.456665672564611;0.14285714285714285;4
26940.04999974822;5.755470447878444;0.0;5
27000.049999747345;8.37746321760903;0.0;4
27060.049999746472;2.214486022067885;0.0;4
27120.0499997456;22.994951248165187;0.0;7
27180.049999744726;0.27570619554101056;0.0;3
27240.049999743853;10.66034301079549;0.0;7
27300.04999974298;7.702443861837387;0.0;5
27360.049999742107;6.027771204751182;0.0;3
27420.049999741233;28.776650761149543;0.0;13
27480.04999974036;8.561887962306532;0.14285714285714285;8
27540.049999739487;4.90583232341567;0.0;3
27600.049999738614;5.953423982619642;0.0;3
27660.04999973774;12.72382119530856;0.0;6
27720.049999736868;1.9885630609457075;0.5714285714285714;8
27780.049999735995;7.114126006544508;0.0;6
27840.04999973512;0.14285714231499602;0.2857142857142857;4
27900.04999973425;14.296506782538088;0.0;8
27960.049999733375;12.660060264762166;0.0;4
28020.049999732502;13.211291673554834;0.2857142857142857;8
28080.04999973163;0.14285714231521998;0.0;3
28140.049999730756;15.150004938177975;0.14285714285714285;7
28200.049999729883;5.840981005120982;0.0;6
28260.04999972901;6.130699842309426;0.14285714285714285;6
28320.049999728137;4.871042651615816;0.0;4
28380.049999727264;6.352115451944123;0.0;5
28440.04999972639;0.29002095951032886;0.0;2
28500.049999725517;5.628946145639911;0.0;4
28560.049999724644;0.12942445927277055;0.0;1
28620.04999972377;3.1252762467807194;0.2857142857142857;8
28680.049999722898;1.0544295030742494;0.0;3
28740.049999722025;2.9915505520074595;0.0;6
28800.049999721152;7.234106746692675;0.14285714285714285;10
28860.04999972028;4.785686478067395;0.0;6
28920.049999719406;22.032389978155198;0.0;7
28980.049999718532;7.058714855081017;0.14285714285714285;9
29040.04999971766;17.11175925684047;0.0;7
29100.049999716786;0.14803081386508093;0.14285714285714285;4
29160.049999715913;12.107321338401434;0.14285714285714285;8
29220.04999971504;2.2382396351346707;0.2857142857142857;7
29280.049999714167;0.668068359036397;0.14285714285714285;6
29340.049999713294;4.972422120534479;0.0;7
29400.04999971242;6.765120066667281;0.0;6
29460.049999711548;9.899758913067256;0.0;5
29520.049999710674;0.6894292119410095;0.14285714285714285;6
29580.0499997098;5.095959448188173;0.14285714285714285;7
29640.04999970893;4.656451929867027;0.0;5
29700.049999708055;14.574356215425542;0.0;3
29760.049999707182;14.149772626346948;0.14285714285714285;10
29820.04999970631;13.937762000599037;0.0;9
29880.049999705436;12.056439051438835;0.0;7
29940.049999704563;35.17749134456793;0.0;14
30000.04999970369;9.081943017388426;0.42857142857142855;7
30060.049999702816;0.0;0.0;1
30120.049999701943;6.568414699904886;0.5714285714285714;12
30180.04999970107;2.90720079658251;0.0;4
30240.049999700197;16.919193081351597;0.0;7
30300.049999699324;4.315326543694192;0.0;8
30360.04999969845;8.795851220196017;0.14285714285714285;9
30420.049999697578;19.2083842042338;0.0;6
30480.049999696705;8.120815168710532;0.0;6
30540.04999969583;7.852492656388689;0.0;5
30600.04999969496;9.619839782222076;0.14285714285714285;9
30660.049999694085;0.3891410781291259;0.14285714285714285;5
30720.049999693212;20.321395204576753;0.0;8
30780.04999969234;1.3006954805308613;0.2857142857142857;7
30840.049999691466;0.0;0.0;1
30900.049999690593;12.238618358280348;0.0;4
30960.04999968972;0.4626827550124979;0.5714285714285714;8
31020.049999688847;7.12592287810741;0.0;6
31080.049999687973;10.260893614028054;0.0;3
31140.0499996871;0.5791352518405398;0.2857142857142857;8
31200.049999686227;2.8537614327080933;0.0;4
31260.049999685354;14.874142021900907;0.14285714285714285;7
31320.04999968448;18.73039418937975;0.2857142857142857;10
31380.049999683608;0.840895306351853;0.14285714285714285;7
31440.049999682735;3.4674034666937223;0.0;5
31500.04999968186;0.9544950779576691;0.2857142857142857;5
31560.04999968099;13.246760474718487;0.0;7
31620.049999680115;0.217559689249399;0.14285714285714285;5
31680.049999679242;9.343641302791541;0.14285714285714285;9
31740.04999967837;29.65543100534585;0.0;8
31800.049999677496;0.29332754418658535;0.0;3
31860.049999676623;3.177424592828728;0.14285714285714285;4
31920.04999967575;0.13389995621805345;0.0;2
31980.049999674877;6.83913585052764;0.2857142857142857;7
32040.049999674004;9.865243874831346;0.2857142857142857;12
32100.04999967313;6.938800685822685;0.0;4
32160.049999672257;17.396501344327636;0.14285714285714285;5
32220.049999671384;9.699713935610427;0.42857142857142855;9
32280.04999967051;3.4537961010865175;0.0;3
32340.049999669638;0.14899641772021432;0.0;2
32400.049999668765;3.817943438829485;0.0;4
32460.049999667892;13.790405533295425;0.0;3
32520.04999966702;8.30478243039422;0.0;4
32580.049999666146;0.24504183710243183;0.2857142857142857;8
32640.049999665272;6.953771974068023;0.42857142857142855;8
32700.0499996644;16.93744434305074;0.0;6
32760.049999663526;18.713984665674257;0.14285714285714285;8
32820.04999966644;12.967819051253866;0.0;6
32880.04999966993;6.762337944120164;0.14285714285714285;6
32940.04999967342;6.632675026337196;0.2857142857142857;11
33000.049999676914;10.416535655728307;0.0;8
33060.04999968041;0.0;0.0;0
33120.0499996839;6.8643000081463645;0.0;2
33180.04999968739;16.358181316798778;0.0;5
33240.049999690884;0.0;0.0;1
33300.049999694376;13.970563722939385;0.2857142857142857;9
33360.04999969787;0.4469275992289995;0.14285714285714285;7
33420.04999970136;0.28081253169742787;0.0;2
33480.049999704854;14.154945615464896;0.14285714285714285;9
33540.049999708346;10.21942353627698;0.0;4
33600.04999971184;6.240508834446737;0.14285714285714285;7
33660.04999971533;13.780264569523705;0.0;3
33720.04999971882;3.701425217263529;0.0;6
33780.049999722316;2.865008856933205;0.0;4
33840.04999972581;2.299974957576245;0.0;4
33900.0499997293;6.193505789342383;0.0;2
33960.04999973279;8.479931861652796;0.0;6
34020.049999736286;6.897987820479009;0.0;5
34080.04999973978;16.36108976809557;0.0;4
34140.04999974327;6.2477066107627115;0.14285714285714285;4
34200.04999974676;1.7799694304057767;0.0;3
34260.049999750256;21.734922963676517;0.0;7
34320.04999975375;0.1478544647718292;0.0;2
34380.04999975724;5.504233294080149;0.0;3
34440.04999976073;5.422482637334307;0.14285714285714285;5
34500.049999764226;19.530525945819143;0.0;6
34560.04999976772;6.865289842449443;0.14285714285714285;5
34620.04999977121;0.0;0.0;0
34680.0499997747;5.776400429367216;0.14285714285714285;4
34740.049999778195;13.218886398816664;0.0;3
34800.04999978169;7.613917916949484;0.14285714285714285;6
34860.04999978518;7.808113989914117;0.0;4
34920.04999978867;14.866979228546427;0.0;5
34980.049999792165;3.79544642991407;0.0;4
35040.04999979566;5.097268171866618;0.0;2
35100.04999979915;0.9458992023517475;0.14285714285714285;3
35160.04999980264;11.835833749208872;0.14285714285714285;6
35220.049999806135;1.095332982293533;0.0;1
35280.04999980963;7.534963764476219;0.14285714285714285;6
35340.04999981312;0.14884985734943962;0.0;1
35400.04999981661;0.8419366702195124;0.14285714285714285;3
35460.049999820105;0.2869115391190367;0.0;3
35520.0499998236;12.667367104665122;0.14285714285714285;6
35580.04999982709;0.15185071756375385;0.0;2
35640.04999983058;8.522078610317656;0.0;3
35700.049999834075;7.346310977424632;0.2857142857142857;9
35760.04999983757;6.284340889479344;0.2857142857142857;6
35820.04999984106;9.238229957404643;0.14285714285714285;6
35880.04999984455;0.2140114863202469;0.0;3
35940.049999848045;2.426158529617584;0.0;2
36000.04999985154;1.9272324112304424;0.0;3
36060.04999985503;0.1461772170967682;0.0;2
36120.04999985852;0.2894056112058297;0.0;3
36180.049999862014;3.213280268124547;0.0;6
36240.04999986551;1.115805838495039;0.14285714285714285;6
36300.049999869;0.3513139403938106;0.14285714285714285;4
36360.04999987249;6.009534738747761;0.14285714285714285;5
36420.049999875984;16.440319470667124;0.0;4
36480.04999987948;6.025532281550541;0.0;2
36540.04999988297;11.965590894396488;0.14285714285714285;6
36600.04999988646;4.785624578096282;0.14285714285714285;7
36660.049999889954;0.13489571343019088;0.14285714285714285;2
36720.04999989345;1.5249343876665509;0.14285714285714285;4
36780.04999989694;13.586180420109516;0.0;7
36840.04999990043;7.5444863850749755;0.14285714285714285;7
36900.049999903924;13.920541812168306;0.0;8
36960.049999907416;3.162795853287104;0.0;1
37020.04999991091;12.76176542143831;0.14285714285714285;4
37080.0499999144;10.868584938789127;0.0;3
37140.049999917894;18.746849528120542;0.0;5
37200.049999921386;14.171897291103942;0.14285714285714285;9
37260.04999992488;6.74233164656619;0.14285714285714285;4
37320.04999992837;1.1371625547850377;0.0;5
37380.04999993186;14.590277364766754;0.2857142857142857;5
37440.049999935356;0.646914750067238;0.0;3
37500.04999993885;3.6492989270260203;0.0;2
37560.04999994234;6.706272760279483;0.0;6
37620.04999994583;1.8544891514875061;0.2857142857142857;5
37680.049999949326;15.247727298506485;0.0;5
37740.04999995282;6.220667066846533;0.0;3
37800.04999995631;3.14932236639743;0.0;4
37860.0499999598;7.551620521223654;0.0;3
37920.049999963296;11.739084742898683;0.0;4
37980.04999996679;6.657975431139364;0.0;3
38040.04999997028;0.133622305723139;0.0;1
38100.04999997377;1.7838641086787297;0.0;4
38160.049999977266;7.70500977415382;0.0;5
38220.04999998076;7.584744688293414;0.0;2
38280.04999998425;10.812779375295559;0.0;2
38340.04999998774;4.7035069856244816;0.0;6
38400.049999991235;10.32331137449327;0.0;3
38460.04999999473;11.874040323119742;0.0;3
38520.04999999822;2.7440495351668095;0.0;5
38580.00000000171;3.6001040370186983;0.0;3
38640.0000000052;0.0;0.0;0
38700.000000008695;10.73470700279008;0.14285714285714285;6
38760.00000001219;6.374033374415786;0.0;1
38820.00000001568;7.405420732071654;0.0;2
38880.00000001917;8.632307563359088;0.14285714285714285;4
38940.000000022665;0.0;0.0;1
39000.00000002616;1.6311956003924148;0.0;3
39060.00000002965;3.0840362357628925;0.2857142857142857;8
39120.00000003314;5.4747143230477775;0.0;2
39180.000000036634;4.341322688365213;0.14285714285714285;4
39240.00000004013;0.1954781843517947;0.14285714285714285;4
39300.00000004362;2.943305614318598;0.2857142857142857;5
39360.00000004711;0.2243968029799638;0.2857142857142857;4
39420.000000050604;3.601573574477429;0.2857142857142857;5
39480.0000000541;0.0;0.0;0
39540.00000005759;18.407665554080648;0.14285714285714285;7
39600.00000006108;12.871917876617983;0.14285714285714285;5
39660.000000064574;9.750900144416406;0.0;4
39720.00000006807;3.0934810076166683;0.0;3
39780.00000007156;10.55839633863821;0.0;5
39840.00000007505;7.73849304705775;0.0;4
39900.000000078544;0.5846368720777358;0.14285714285714285;3
39960.00000008204;5.922076440506598;0.0;2
40020.00000008553;2.9157137453246205;0.0;2
40080.00000008902;9.35022670496467;0.0;4
40140.000000092514;7.229982252770865;0.14285714285714285;3
40200.000000096006;6.663405133073776;0.5714285714285714;12
40260.0000000995;6.4520723346751785;0.0;3
40320.00000010299;8.622848074923953;0.0;2
40380.000000106484;11.76131683468522;0.0;4
40440.000000109976;6.807380518780353;0.0;1
40500.00000011347;0.08129315289809676;0.14285714285714285;5
40560.00000011696;10.5469706722786;0.5714285714285714;11
40620.00000012045;8.473861542064407;0.0;4
40680.000000123946;4.6566448304587045;0.0;3
40740.00000012744;5.420144759639197;0.0;3
40800.00000013093;2.233352138893023;0.0;3
40860.00000013442;3.61386299211195;0.0;2
40920.000000137916;0.2241749161432179;0.0;2
40980.00000014141;7.930186376631369;0.0;4
41040.0000001449;3.803691631856221;0.14285714285714285;6
41100.00000014839;6.2956815801460495;0.0;5
41160.000000151886;3.4832845747587906;0.0;4
41220.00000015538;0.3058783149427885;0.2857142857142857;4
41280.00000015887;0.07288528567126526;0.2857142857142857;4
41340.00000016236;6.266062547475257;0.14285714285714285;6
41400.000000165855;0.42954593129215496;0.0;3
41460.00000016935;5.352341242180029;0.0;6
41520.00000017284;2.5722823568410886;0.0;1
41580.00000017633;0.14728091621236633;0.0;3
41640.000000179825;11.43241587310673;0.14285714285714285;6
41700.00000018332;11.03176491108022;0.0;6
41760.00000018681;4.232581275067744;0.0;5
41820.0000001903;3.187179433482281;0.0;2
41880.000000193795;5.4404716436862;0.14285714285714285;5
41940.00000019729;0.1364440095661917;0.42857142857142855;6
42000.00000020078;14.275278678734576;0.2857142857142857;7
42060.00000020427;10.824482056471384;0.0;4
42120.000000207765;15.32088808996473;0.0;5
42180.00000021126;0.35906446149158283;0.0;5
42240.00000021475;8.147712602849;0.14285714285714285;4
42300.00000021824;3.9144460463675146;0.2857142857142857;6
42360.000000221735;12.840013618044301;0.14285714285714285;10
42420.00000022523;6.542727459728702;0.14285714285714285;7
42480.00000022872;8.396692422240099;0.14285714285714285;5
42540.00000023221;6.909347408221675;0.14285714285714285;3
42600.000000235705;0.0;0.0;1
42660.0000002392;12.027662827415792;0.0;5
42720.00000024269;6.906146498033148;0.0;2
42780.00000024618;0.0751998237967403;0.0;3
42840.000000249674;0.06876253899312637;0.14285714285714285;5
42900.00000025317;0.13693633473735772;0.14285714285714285;4
42960.00000025666;0.0;0.0;1
43020.00000026015;1.3099635946560204;0.0;1
43080.000000263644;0.0;0.0;1
43140.00000026714;0.07182516892480076;0.0;2
43200.00000027063;3.7204881166178865;0.14285714285714285;8
43260.00000027412;1.1488859742167636;0.14285714285714285;3
43320.000000277614;8.32764237112632;0.0;3
43380.00000028111;7.263942532185418;0.2857142857142857;7
43440.0000002846;17.113465423561436;0.14285714285714285;7
43500.00000028809;7.5062063742292855;0.0;3
43560.000000291584;10.026100476642407;0.0;4
43620.00000029508;2.306535650866781;0.0;4
43680.00000029857;15.233059466958837;0.2857142857142857;7
43740.00000030206;4.0875091646143;0.0;3
43800.000000305554;12.612860699149369;0.0;2
43860.000000309046;3.7088166146363375;0.0;2
43920.00000031254;0.48562770662638793;0.42857142857142855;6
43980.00000031603;12.664555138633919;0.0;2
44040.000000319524;6.956849223214727;0.0;4
44100.000000323016;4.193412091797494;0.14285714285714285;6
44160.00000032651;6.9948031272374225;0.14285714285714285;8
44220.00000033;0.1484212414257935;0.0;4
44280.00000033349;0.06533872152376788;0.0;1
44340.000000336986;7.609635752980124;0.42857142857142855;7
44400.00000034048;0.06531670787128989;0.0;1
44460.00000034397;1.2999919538205085;0.0;5
44520.00000034746;0.8635409567887471;0.0;2
44580.000000350956;3.5763286541123596;0.0;5
44640.00000035445;5.646318111242963;0.0;3
44700.00000035794;0.06740606136253798;0.0;1
44760.00000036143;13.248380300171354;0.0;5
44820.000000364926;2.9449619401926257;0.2857142857142857;7
44880.00000036842;6.642720602019144;0.14285714285714285;5
44940.00000037191;1.5378058334734812;0.14285714285714285;4
45000.0000003754;7.483436911416786;0.14285714285714285;5
45060.000000378895;5.747133993529705;0.0;1
45120.00000038239;13.878341625439264;0.14285714285714285;6
45180.00000038588;2.8870197765593844;0.2857142857142857;5
45240.00000038937;6.414254307203952;0.2857142857142857;7
45300.000000392865;0.6688952086447315;0.0;4
45360.00000039636;1.702723570842043;0.14285714285714285;6
45420.00000039985;7.048898061726731;0.0;3
45480.00000040334;1.14398229832408;0.14285714285714285;5
45540.000000406835;13.3323571983849;0.0;5
45600.00000041033;7.306130777554879;0.14285714285714285;5
45660.00000041382;9.714226845790614;0.0;4
45720.00000041731;3.57231344737166;0.0;4
45780.000000420805;20.669985236559913;0.0;6
45840.0000004243;3.3510361487896048;0.0;2
45900.00000042779;13.001335781443638;0.5714285714285714;7
45960.00000043128;8.146906772489853;0.0;3
46020.000000434775;13.211834883607779;0.0;4
46080.00000043827;21.50803203153749;0.0;6
46140.00000044176;1.5706412254009283;0.2857142857142857;5
46200.00000044525;0.15014542620297439;0.0;2
46260.000000448745;0.13520183137332187;0.14285714285714285;5
46320.00000045224;12.800646062767024;0.0;4
46380.00000045573;6.368220324296886;0.0;3
46440.00000045922;0.07142857142857142;0.14285714285714285;3
46500.000000462715;2.3262240290012124;0.0;5
46560.00000046621;17.673088420273277;0.14285714285714285;8
46620.0000004697;4.384534501734122;0.14285714285714285;8
46680.00000047319;7.282362491595359;0.0;2
46740.000000476684;17.13624483482309;0.14285714285714285;6
46800.00000048018;0.9850825004634762;0.0;6
46860.00000048367;0.9971208932077227;0.0;3
46920.00000048716;6.012987478515414;0.0;4
46980.000000490654;9.021692041362;0.0;2
47040.00000049415;5.81652459501789;0.14285714285714285;4
47100.00000049764;7.088714137801797;0.0;5
47160.00000050113;15.823786038402659;0.2857142857142857;9
47220.000000504624;0.2130108165056914;0.14285714285714285;4
47280.00000050812;0.07378241297258377;0.0;1
47340.00000051161;0.14969532930202903;0.14285714285714285;6
47400.0000005151;24.63839656077516;0.14285714285714285;11
47460.000000518594;4.464954421141964;0.0;6
47520.000000522086;4.688166631909397;0.0;3
47580.00000052558;15.36999924003328;0.0;4
47640.00000052907;1.3558318045187474;0.0;4
47700.000000532564;5.660348432311172;0.2857142857142857;6
47760.000000536056;0.0;0.0;1
47820.00000053955;9.288814005855494;0.0;6
47880.00000054304;4.184406675880196;0.14285714285714285;6
47940.00000054653;10.037265186729892;0.0;6
48000.000000550026;15.182601445422561;0.0;3
48060.00000055352;1.342914235808769;0.0;4
48120.00000055701;6.099164159466589;0.14285714285714285;4
48180.0000005605;5.081785836501637;0.0;5
48240.000000563996;0.36275392737376144;0.14285714285714285;4
48300.00000056749;5.117014660712964;0.0;5
48360.00000057098;7.382361219520888;0.14285714285714285;7
48420.00000057447;12.717968384269723;0.0;5
48480.000000577966;6.636023799471419;0.14285714285714285;7
48540.00000058146;20.251130293667195;0.0;5
48600.00000058495;0.06532477717659443;0.0;1
48660.00000058844;7.830719414448924;0.42857142857142855;9
48720.000000591936;13.645018028426986;0.0;4
48780.00000059543;4.474623812767155;0.0;5
48840.00000059892;1.0103812369842158;0.0;4
48900.00000060241;5.53907833449913;0.0;4
48960.000000605905;8.600633127471436;0.14285714285714285;5
49020.0000006094;8.511453509623594;0.14285714285714285;6
49080.00000061289;3.1045007907978435;0.14285714285714285;5
49140.00000061638;9.236029676703952;0.0;2
49200.000000619875;13.019085152335007;0.0;5
49260.00000062337;6.736944475879063;0.0;4
49320.00000062686;6.941257919818882;0.0;3
49380.00000063035;0.791271521172801;0.14285714285714285;6
49440.000000633845;13.708226786157908;0.0;6
49500.00000063734;8.305252873790067;0.2857142857142857;6
49560.00000064083;6.228720327941945;0.14285714285714285;4
49620.00000064432;0.050621663356295095;0.2857142857142857;4
49680.000000647815;1.01126424887048;0.0;4
49740.00000065131;4.194051951577249;0.0;2
49800.0000006548;0.0;0.0;1
49860.00000065829;2.707125772281689;0.0;4
49920.000000661785;0.19398535696987507;0.14285714285714285;4
49980.00000066528;1.1428028892406332;0.0;4
50040.00000066877;3.2644573540090307;0.0;4
50100.00000067226;0.13853709598629135;0.0;4
50160.000000675755;4.45116697844488;0.0;4
50220.00000067925;13.607970451129495;0.0;4
50280.00000068274;4.185495342146853;0.0;4
50340.00000068623;0.0;0.0;1
50400.000000689724;1.5334839901999218;0.14285714285714285;6
50460.00000069322;10.131381035709058;0.14285714285714285;6
50520.00000069671;0.6757730657663189;0.0;2
50580.0000007002;7.638505888899786;0.0;3
50640.000000703694;7.625262103994893;0.0;3
50700.00000070719;11.834488979164925;0.0;3
50760.00000071068;27.653013269005097;0.0;8
50820.00000071417;1.0192384031658686;0.0;4
50880.000000717664;5.859976483810954;0.0;3
50940.00000072116;1.0208359931613595;0.0;2
51000.00000072465;0.9468614800047833;0.0;3
51060.00000072814;7.1293404500447775;0.0;3
51120.000000731634;0.06957349772672239;0.0;2
51180.00000073513;7.168564298943298;0.0;3
51240.00000073862;6.755904249152735;0.0;4
51300.00000074211;0.0;0.0;0
51360.000000745604;1.1239915401605893;0.7142857142857143;6
51420.000000749096;4.934929997655656;0.0;4
51480.00000075259;5.210614723319795;0.14285714285714285;3
51540.00000075608;3.8210999587895214;0.0;4
51600.00000075957;7.646433187649036;0.0;3
51660.000000763066;6.370132810959019;0.2857142857142857;7
51720.00000076656;0.15123566319721618;0.14285714285714285;4
51780.00000077005;7.000131499897124;0.0;3
51840.00000077354;14.471652183422488;0.14285714285714285;6
51900.000000777036;5.639517357315381;0.0;2
51960.00000078053;6.966691523785566;0.0;2
52020.00000078402;2.514500407812183;0.0;3
52080.00000078751;1.9533068081777003;0.14285714285714285;8
52140.000000791006;20.566931471227807;0.14285714285714285;8
52200.0000007945;0.07732718303911869;0.0;4
52260.00000079799;0.4832133871694334;0.14285714285714285;4
52320.00000080148;0.14002532348767965;0.14285714285714285;4
52380.000000804976;0.7272239473554004;0.14285714285714285;3
52440.00000080847;7.461007150501756;0.14285714285714285;3
52500.00000081196;0.14128619071053056;0.14285714285714285;4
52560.00000081545;9.03007079942984;0.14285714285714285;7
52620.000000818945;0.13710501430053454;0.0;2
52680.00000082244;10.060107566962248;0.0;4
52740.00000082593;0.1424790902583867;0.2857142857142857;6
52800.00000082942;0.7606645943924967;0.14285714285714285;2
52860.000000832915;0.07142857142857142;0.0;1
52920.00000083641;13.598906744622772;0.0;7
52980.0000008399;0.4229450052118488;0.0;3
53040.00000084339;0.11728832930601353;0.14285714285714285;2
53100.000000846885;6.3153526668155235;0.0;5
53160.00000085038;0.06792095449222676;0.0;4
53220.00000085387;9.042180272545343;0.0;2
53280.00000085736;19.008274824526627;0.14285714285714285;6
53340.000000860855;6.89437681050513;0.0;6
53400.00000086435;1.9636664398232468;0.42857142857142855;9
53460.00000086784;8.284798018342611;0.14285714285714285;5
53520.00000087133;0.13627442378451723;0.14285714285714285;5
53580.000000874825;17.365450283181776;0.0;5
53640.00000087832;2.721060899687656;0.0;4
53700.00000088181;0.06877059524287384;0.14285714285714285;2
53760.0000008853;9.729090338713732;0.0;3
53820.000000888795;9.995791359071147;0.0;5
53880.00000089229;0.07069181434366321;0.14285714285714285;2
53940.00000089578;4.965450261629596;0.14285714285714285;6
54000.00000089927;6.773498859601331;0.14285714285714285;4
54060.000000902764;3.7136219614386206;0.42857142857142855;7
54120.00000090626;3.9531065985539167;0.0;4
54180.00000090975;18.803377936617515;0.0;8
54240.00000091324;0.14545783307112345;0.0;4
54300.000000916734;3.3091554884607772;0.0;3
54360.00000092023;0.5682484740905231;0.14285714285714285;3
54420.00000092372;0.2788230110492126;0.14285714285714285;3
54480.00000092721;13.137017354939088;0.0;5
54540.000000930704;4.3060307186551805;0.42857142857142855;7
54600.0000009342;0.8912675612764315;0.14285714285714285;5
54660.00000093769;12.332495976435641;0.0;6
54720.00000094118;5.793372560142053;0.2857142857142857;5
54780.000000944674;7.72142878702343;0.0;3
54840.00000094817;1.3705349475608983;0.14285714285714285;4
54900.00000095166;14.152799658048272;0.2857142857142857;6
54960.00000095515;9.786103215705566;0.0;5
55020.000000958644;2.109952130237318;0.14285714285714285;6
55080.000000962136;5.373440621068565;0.0;4
55140.00000096563;0.0;0.0;0
55200.00000096912;12.696923333413602;0.0;5
55260.00000097261;13.764378709865317;0.14285714285714285;9
55320.000000976106;4.422663136787938;0.0;3
55380.0000009796;6.5921624744775515;0.14285714285714285;5
55440.00000098309;6.499104904482358;0.0;1
55500.00000098658;17.871384784656225;0.14285714285714285;10
55560.000000990076;9.83075410833017;0.14285714285714285;5
55620.00000099357;0.07550659928211012;0.0;2
55680.00000099706;10.159490848873466;0.0;4
55740.00000100055;3.1130802672207962;0.0;3
55800.000001004046;6.4474984953015735;0.14285714285714285;4
55860.00000100754;20.233658712400494;0.2857142857142857;12
55920.00000101103;1.4948370953853172;0.0;5
55980.00000101452;6.06924634176997;0.7142857142857143;12
56040.000001018016;8.091473596431443;0.0;6
56100.00000102151;6.8055385388423195;0.14285714285714285;4
56160.000001025;6.164674537485263;0.0;2
56220.00000102849;10.846928040904118;0.0;3
56280.000001031985;7.57210091338782;0.14285714285714285;5
56340.00000103548;11.031544379204092;0.14285714285714285;7
56400.00000103897;4.396810175785819;0.14285714285714285;6
56460.00000104246;6.562873520485459;0.0;2
56520.000001045955;7.004774962827534;0.0;4
56580.00000104945;1.0272419042651222;0.0;4
56640.00000105294;7.010338386726741;0.2857142857142857;5
56700.00000105643;8.044373236395087;0.2857142857142857;9
56760.000001059925;0.0699506876424263;0.0;2
56820.00000106342;5.969493773613968;0.2857142857142857;7
56880.00000106691;0.2711842531962462;0.14285714285714285;5
56940.0000010704;0.19435336888084803;0.14285714285714285;4
57000.000001073895;3.5084434640024424;0.14285714285714285;4
57060.00000107739;15.100981482472909;0.14285714285714285;5
57120.00000108088;6.5963916260718785;0.0;5
57180.00000108437;12.521023397854934;0.0;3
57240.000001087865;13.422128823806517;0.14285714285714285;6
57300.00000109136;3.5991511272459706;0.0;5
57360.00000109485;0.6512231565063737;0.42857142857142855;8
57420.00000109834;8.995524655302203;0.0;5
57480.000001101835;19.197336022234705;0.14285714285714285;9
57540.00000110533;13.417786311992632;0.14285714285714285;5
57600.00000110882;0.140445182016903;0.0;4
57660.00000111231;14.439964473813356;0.0;9
57720.000001115804;4.689431681357947;0.14285714285714285;5
57780.0000011193;8.396249134691708;0.2857142857142857;7
57840.00000112279;4.8122626011182845;0.0;3
57900.00000112628;11.318531063086045;0.2857142857142857;7
57960.000001129774;16.89706059828069;0.0;8
58020.00000113327;9.262983900331152;0.14285714285714285;6
58080.00000113676;3.1859971818727844;0.0;1
58140.00000114025;0.7479982117717708;0.42857142857142855;6
58200.000001143744;13.750236284282332;0.0;6
58260.00000114724;14.470568731149397;0.14285714285714285;8
58320.00000115073;7.526036805858332;0.0;2
58380.00000115422;16.498380100624697;0.2857142857142857;9
58440.000001157714;0.0;0.0;1
58500.00000116121;1.0652014597877568;0.14285714285714285;6
58560.0000011647;4.096565265553211;0.14285714285714285;5
58620.00000116819;23.839126324063404;0.0;6
58680.000001171684;3.11607509391478;0.14285714285714285;7
58740.000001175176;11.180919938629886;0.14285714285714285;7
58800.00000117867;8.457743380366257;0.14285714285714285;7
58860.00000118216;1.8010808600619366;0.0;4
58920.000001185654;3.3359792055805535;0.7142857142857143;10
58980.000001189146;8.279533937651163;0.14285714285714285;9
59040.00000119264;19.756077791234475;0.2857142857142857;12
59100.00000119613;12.31872259994101;0.0;6
59160.00000119962;0.1543664445587714;0.42857142857142855;6
59220.000001203116;10.672118332693994;0.7142857142857143;12
59280.00000120661;9.330766109721946;0.0;6
59340.0000012101;0.14738103442150458;0.0;6
59400.00000121359;6.462745963796236;0.0;7
59460.000001217086;9.430961407949058;0.42857142857142855;13
59520.00000122058;0.6844294390984954;0.2857142857142857;7
59580.00000122407;2.608502056878428;0.14285714285714285;4
59640.00000122756;9.565534968173626;0.2857142857142857;8
59700.000001231056;6.80209354721729;0.5714285714285714;10
59760.00000123455;4.738330171046499;0.2857142857142857;6
59820.00000123804;6.3745656540597375;0.2857142857142857;6
59880.00000124153;15.298674884482802;0.2857142857142857;8
59940.000001245025;0.0;0.0;2
60000.00000124852;17.24475559738799;0.14285714285714285;8
60060.00000125201;1.0436456875359903;0.5714285714285714;10
60120.0000012555;11.341531446406432;0.14285714285714285;6
60180.000001258995;1.904552597666013;0.2857142857142857;6
60240.00000126249;0.06881507240943045;0.0;2
60300.00000126598;6.898494594229933;0.14285714285714285;3
60360.00000126947;11.237375729038904;0.0;3
60420.000001272965;4.861820625705721;0.0;5
60480.00000127646;16.697897891104173;0.5714285714285714;14
60540.00000127995;17.639358030748014;0.14285714285714285;8
60600.00000128344;8.605740440279858;0.2857142857142857;7
60660.000001286935;12.766467084741672;0.2857142857142857;7
60720.00000129043;7.26836418308877;0.0;4
60780.00000129392;6.607404842196532;0.14285714285714285;7
60840.00000129741;5.299754471619061;0.42857142857142855;10
60900.000001300905;1.8548436258774754;0.0;3
60960.0000013044;7.45816574495916;0.42857142857142855;10
61020.00000130789;7.496383715052043;0.14285714285714285;4
61080.00000131138;0.22711019531887658;0.14285714285714285;6
61140.000001314875;0.09347198540035782;0.2857142857142857;6
61200.00000131837;6.8141396291779746;0.2857142857142857;6
61260.00000132186;1.2030309322425499;0.0;6
61320.00000132535;13.150706900380413;0.14285714285714285;5
61380.000001328845;13.266101721687104;0.5714285714285714;12
61440.00000133234;6.822319442599096;0.42857142857142855;7
61500.00000133583;17.652734170819638;0.14285714285714285;8
61560.00000133932;7.333290429983195;0.14285714285714285;9
61620.000001342814;1.3305754009631385;0.42857142857142855;9
61680.00000134631;6.416028157746972;0.14285714285714285;5
61740.0000013498;9.806994019913152;0.14285714285714285;8
61800.00000135329;7.002958334149042;0.14285714285714285;5
61860.000001356784;17.012819173633353;0.0;4
61920.00000136028;22.906076853060032;0.2857142857142857;10
61980.00000136377;3.6183332671257733;0.2857142857142857;10
62040.00000136726;23.049380128482237;0.42857142857142855;10
62100.000001370754;5.999533230330998;0.5714285714285714;10
62160.00000137425;16.852058354800334;0.14285714285714285;7
62220.00000137774;7.510092371697767;0.0;4
62280.00000138123;6.5712815184043265;0.2857142857142857;8
62340.000001384724;6.546796161623699;0.14285714285714285;7
62400.000001388216;16.635373608530948;0.14285714285714285;6
62460.00000139171;13.369856078176493;0.2857142857142857;7
62520.0000013952;10.99989390679771;0.0;5
62580.000001398694;0.2560555798817898;0.42857142857142855;7
62640.000001402186;0.5923609818384404;0.14285714285714285;4
62700.00000140568;9.723467773185519;0.2857142857142857;7
62760.00000140917;21.76402306659777;0.0;8
62820.00000141266;0.5002791799839915;0.2857142857142857;4
62880.000001416156;13.028156740834445;0.0;4
62940.00000141965;9.251106476727381;0.0;2
63000.00000142314;2.035651405602037;0.0;4
63060.00000142663;19.538181893258802;0.0;7
63120.000001430126;4.047505352450161;0.0;5
63180.00000143362;12.061283685583591;0.14285714285714285;8
63240.00000143711;7.237787027851824;0.0;6
63300.0000014406;5.332044518215995;0.0;5
63360.000001444096;0.07247386093597;0.0;5
63420.00000144759;6.35668570047704;0.2857142857142857;7
63480.00000145108;7.522767256628238;0.2857142857142857;8
63540.00000145457;18.616147455450676;0.42857142857142855;9
63600.000001458066;0.5603068451470875;0.42857142857142855;7
63660.00000146156;14.033505421323415;0.5714285714285714;13
63720.00000146505;7.019460820169972;0.14285714285714285;5
63780.00000146854;0.2185437796957415;0.14285714285714285;5
63840.000001472035;8.035564570932602;0.0;6
63900.00000147553;6.475041361060977;0.0;4
63960.00000147902;17.96382440206869;0.0;8
64020.00000148251;13.527458115889885;0.14285714285714285;7
64080.000001486005;8.237738774740174;0.2857142857142857;7
64140.0000014895;0.6683505758064076;0.0;5
64200.00000149299;13.230460256924383;0.42857142857142855;11
64260.00000149648;0.08108136572153157;0.14285714285714285;5
64320.000001499975;0.14589738069866628;0.14285714285714285;4
64380.00000150347;0.07142857142857142;0.0;2
64440.00000150696;9.045080167253428;0.2857142857142857;6
64500.00000151045;7.920890455144567;0.0;3
64560.000001513945;0.8829165449747347;0.14285714285714285;4
64620.00000151744;2.545127732683853;0.0;4
64680.00000152093;10.89535560790395;0.14285714285714285;9
64740.00000152442;0.0;0.0;2
64800.000001527915;6.334064714964774;0.5714285714285714;12
64860.00000153141;10.331014244480574;0.0;5
64920.0000015349;0.07142857142857142;0.0;2
64980.00000153839;7.406035445572294;0.14285714285714285;5
65040.000001541885;5.477288177172177;0.14285714285714285;9
65100.00000154538;0.0;0.0;3
65160.00000154887;13.246405364329945;0.0;6
65220.00000155236;0.07748659448418793;0.0;2
65280.000001555854;14.03680372764319;0.2857142857142857;6
65340.00000155935;6.243773414370125;0.14285714285714285;4
65400.00000156284;6.539943951520969;0.0;5
65460.00000156633;6.675414068406819;0.0;3
65520.000001569824;14.049262015644175;0.2857142857142857;8
65580.00000157331;0.06724889380745461;0.0;1
65640.0000015768;14.163987153914125;0.0;5
65700.0000015803;11.45190662781784;0.14285714285714285;7
65760.00000158379;6.320627532784168;0.0;5
65820.00000158728;0.06792368446142064;0.0;1
65880.00000159077;5.179623762593954;0.0;3
65940.00000159426;2.671756068971863;0.5714285714285714;8
66000.00000159776;0.0;0.0;1
66060.00000160125;10.390268245058225;0.2857142857142857;10
66120.00000160474;6.370507069792042;0.0;1
66180.00000160823;20.928455755821886;0.0;4
66240.00000161173;0.4299669987663258;0.14285714285714285;2
66300.00000161522;7.07960650736914;0.14285714285714285;3
66360.00000161871;11.877268640105441;0.0;4
66420.0000016222;0.16425224759403953;0.14285714285714285;3
66480.0000016257;7.604514599100345;0.14285714285714285;5
66540.00000162919;10.613256565228486;0.0;3
66600.00000163268;0.07659076141857256;0.0;2
66660.00000163617;0.9840541126796186;0.14285714285714285;5
66720.00000163967;0.0;0.14285714285714285;2
66780.00000164316;5.025990354215604;0.0;5
66840.00000164665;2.980528468694574;0.0;4
66900.00000165014;0.14156133770963958;0.14285714285714285;4
66960.00000165364;4.266094270222433;0.0;2
67020.00000165713;0.0;0.0;0
67080.00000166062;2.4972582160849686;0.0;5
67140.00000166411;1.3861562585380656;0.14285714285714285;6
67200.0000016676;0.14657791788408484;0.0;5
67260.0000016711;5.041244695718791;0.0;4
67320.00000167459;5.45050030320496;0.0;5
67380.00000167808;1.0713230313765678;0.0;2
67440.00000168158;14.595916374233244;0.0;5
67500.00000168507;0.0;0.0;0
67560.00000168856;6.905373170690477;0.14285714285714285;6
67620.00000169205;13.639086047906417;0.14285714285714285;6
67680.00000169555;2.2098573389397003;0.14285714285714285;4
67740.00000169904;6.9110728157321235;0.0;2
67800.00000170253;7.2047622371871665;0.0;2
67860.00000170602;0.14224029609529618;0.42857142857142855;8
67920.00000170952;0.68562496883293;0.14285714285714285;3
67980.00000171301;2.7768184364046324;0.0;6
68040.0000017165;0.19676604196003877;0.14285714285714285;3
68100.00000172;2.5466139646950174;0.0;5
68160.00000172349;11.458141053243915;0.0;5
68220.00000172698;0.1445812353125668;0.0;5
68280.00000173047;9.534492075136411;0.14285714285714285;7
68340.00000173396;0.14889421417451348;0.14285714285714285;4
68400.00000173746;6.591345482648152;0.0;3
68460.00000174095;4.854749625697013;0.0;1
68520.00000174444;11.907400956040291;0.0;4
68580.00000174793;17.978423695927347;0.0;6
68640.00000175142;0.07142857142857142;0.0;2
68700.00000175492;20.320899896718654;0.0;3
68760.00000175841;4.004815216099518;0.14285714285714285;7
68820.0000017619;0.0;0.0;1
68880.0000017654;0.48164962032338565;0.14285714285714285;3
68940.00000176889;6.019325398397399;0.0;4
69000.00000177238;6.530998822514336;0.0;3
69060.00000177587;7.551528233133102;0.0;3
69120.00000177936;0.0;0.0;2
69180.00000178286;0.07445082609872655;0.0;1
69240.00000178635;0.0;0.0;2
69300.00000178984;0.6489945553325491;0.0;3
69360.00000179333;13.547947615072996;0.0;4
69420.00000179683;0.06792409476301776;0.0;1
69480.00000180032;0.13775805822798037;0.0;3
69540.00000180381;8.519407099557844;0.0;3
69600.0000018073;9.027383436546062;0.0;3
69660.0000018108;5.5998830596776346;0.0;5
69720.00000181429;4.964361143212486;0.0;4
69780.00000181778;13.328924656812129;0.0;3
69840.00000182127;0.0;0.0;1
69900.00000182477;12.618864821331433;0.0;2
69960.00000182826;0.07501858903420487;0.14285714285714285;4
70020.00000183175;1.6965261594398986;0.0;3
70080.00000183524;6.392296095064353;0.0;2
70140.00000183874;5.494804480489918;0.0;2
70200.00000184223;5.207101132777284;0.0;4
70260.00000184572;0.07131962422974676;0.0;1
70320.00000184921;23.304703739087554;0.0;5
70380.0000018527;10.379585219502408;0.0;3
70440.0000018562;0.06485750787351525;0.0;2
70500.00000185969;0.011101137514959097;0.14285714285714285;3
70560.00000186318;0.8618933654273262;0.0;5
70620.00000186668;2.702264920519059;0.14285714285714285;4
70680.00000187017;6.689410435342773;0.0;2
70740.00000187366;0.07142857142857142;0.0;1
70800.00000187715;6.196078913380302;0.0;2
70860.00000188065;0.0646830969878529;0.0;1
70920.00000188414;0.0993239675480565;0.14285714285714285;4
70980.00000188763;0.0;0.0;2
71040.00000189112;0.06768970219055971;0.0;1
71100.00000189462;0.18141010533317387;0.2857142857142857;4
71160.00000189811;7.941431818804853;0.0;5
71220.0000019016;5.3589945444465235;0.0;5
71280.0000019051;6.984393607037084;0.0;1
71340.00000190859;13.65193522509143;0.14285714285714285;7
71400.00000191208;4.275659649380301;0.0;1
71460.00000191557;0.06490804486780362;0.0;3
71520.00000191906;6.512855708170138;0.2857142857142857;7
71580.00000192256;0.0;0.0;2
71640.00000192605;12.504659564013407;0.14285714285714285;4
71700.00000192954;0.06968184090676423;0.0;1
71760.00000193303;7.381611798846222;0.0;2
71820.00000193653;0.07142857142857142;0.0;2
71880.00000194002;0.2865174677432599;0.14285714285714285;2
71940.00000194351;2.1705968273550993;0.0;2
72000.000001947;7.17172488121488;0.14285714285714285;4
72060.0000019505;0.13629742124496377;0.0;2
72120.00000195399;9.309079351819161;0.0;2
72180.00000195748;0.6384369902377129;0.14285714285714285;5
72240.00000196097;0.0;0.0;0
72300.00000196446;0.0;0.0;1
72360.00000196796;0.0;0.0;0
72420.00000197145;0.07142857142857142;0.0;1
72480.00000197494;3.6244374806035085;0.0;2
72540.00000197843;1.4116802350544135;0.14285714285714285;5
72600.00000198193;0.9480496897839313;0.0;3
72660.00000198542;2.874105834326919;0.0;2
72720.00000198891;2.3511938704189923;0.0;1
72780.0000019924;0.07142857142857142;0.0;1
72840.0000019959;6.688049444056235;0.0;3
72900.00000199939;0.7867560813808961;0.2857142857142857;4
72960.00000200288;0.06846882767816855;0.0;2
73020.00000200637;0.0;0.0;1
73080.00000200987;0.07142857142857142;0.0;2
73140.00000201336;7.181800154147339;0.0;3
73200.00000201685;0.07142857142857142;0.0;1
73260.00000202034;0.07142857142857142;0.0;1
73320.00000202384;0.0;0.0;0
73380.00000202733;0.06841383168309197;0.0;1
73440.00000203082;0.0;0.0;1
73500.00000203431;0.06750243971329002;0.0;1
73560.0000020378;7.343402837754757;0.2857142857142857;4
73620.0000020413;0.07193237151027433;0.0;2
73680.00000204479;0.16558150004389563;0.2857142857142857;4
73740.00000204828;0.0;0.0;0
73800.00000205178;0.07692813981714666;0.0;2
73860.00000205527;3.5044868026675644;0.0;3
73920.00000205876;6.296176561696241;0.0;4
73980.00000206225;0.013881089385369989;0.14285714285714285;2
74040.00000206575;6.3425723201653375;0.0;4
74100.00000206924;0.07722394719638777;0.0;2
74160.00000207273;7.102101981181225;0.0;1
74220.00000207622;5.733941315591646;0.0;2
74280.00000207972;7.604698419231221;0.0;4
74340.00000208321;0.0;0.0;0
74400.0000020867;0.21635981884259348;0.14285714285714285;4
74460.0000020902;6.749526195727708;0.0;3
74520.00000209369;0.8827910588772961;0.2857142857142857;4
74580.00000209718;0.07006591285861101;0.0;2
74640.00000210067;0.0;0.0;0
74700.00000210416;0.06889349645814015;0.0;1
74760.00000210766;7.018221282188397;0.0;2
74820.00000211115;0.0;0.0;0
74880.00000211464;12.692747462036731;0.0;5
74940.00000211813;6.1523574782899155;0.0;4
75000.00000212163;7.419072198397741;0.0;1
75060.00000212512;0.0;0.0;1
75120.00000212861;5.979466857984895;0.0;4
75180.0000021321;0.06705690372198088;0.0;2
75240.0000021356;6.227372209950763;0.0;1
75300.00000213909;0.06853464250801904;0.0;1
75360.00000214258;0.0736721900870361;0.0;1
75420.00000214607;0.0;0.0;0
75480.00000214957;6.344396815509752;0.0;4
75540.00000215306;6.220756850056145;0.14285714285714285;3
75600.00000215655;5.289226604404221;0.0;2
75660.00000216004;4.724530283149462;0.0;2
75720.00000216354;3.9287988638778986;0.0;4
75780.00000216703;7.158002510811222;0.0;5
75840.00000217052;0.21193117116057675;0.0;3
75900.00000217401;0.0;0.0;1
75960.0000021775;0.0;0.0;1
76020.000002181;15.267803037438041;0.14285714285714285;6
76080.00000218449;0.0;0.0;0
76140.00000218798;13.971997747603089;0.0;4
76200.00000219147;11.804069520203342;0.0;4
76260.00000219497;4.444221011009534;0.0;2
76320.00000219846;2.7762597325916993;0.0;1
76380.00000220195;6.703988493942491;0.0;3
76440.00000220544;0.0;0.0;0
76500.00000220894;0.0670236836593906;0.0;1
76560.00000221243;4.913627500097029;0.0;2
76620.00000221592;0.0678092302484208;0.0;1
76680.00000221941;2.609725718944357;0.0;1
76740.0000022229;0.0;0.0;0
76800.0000022264;1.4230885068151762;0.0;3
76860.00000222989;0.0731074244285466;0.0;2
76920.00000223338;0.13672833480652144;0.14285714285714285;3
76980.00000223688;11.65906194907309;0.0;2
77040.00000224037;11.05059550899856;0.0;2
77100.00000224386;0.1463958325839728;0.0;2
77160.00000224735;0.0748913421870379;0.0;1
77220.00000225085;0.0;0.0;1
77280.00000225434;6.2179974130364055;0.0;3
77340.00000225783;0.15575701303241568;0.2857142857142857;5
77400.00000226132;0.07722158255254373;0.0;2
77460.00000226482;0.0;0.0;0
77520.00000226831;0.0;0.0;1
77580.0000022718;2.5332503444810333;0.0;2
77640.0000022753;0.0;0.0;0
77700.00000227879;2.4907607556494193;0.0;2
77760.00000228228;1.0399984689493524;0.14285714285714285;3
77820.00000228577;1.0331025709368205;0.0;3
77880.00000228926;1.5125621674863416;0.14285714285714285;4
77940.00000229276;3.1580796665358206;0.0;3
78000.00000229625;0.0;0.0;1
78060.00000229974;0.07017345399440039;0.0;2
78120.00000230323;1.4163894756412472;0.0;3
78180.00000230673;0.14663976959833477;0.14285714285714285;4
78240.00000231022;0.14557792478355472;0.0;4
78300.00000231371;9.898015391887613;0.0;2
78360.0000023172;0.06975700555562953;0.14285714285714285;3
78420.0000023207;0.07404677485030715;0.0;1
78480.00000232419;0.2024036276300792;0.14285714285714285;2
78540.00000232768;6.980325866622745;0.0;1
78600.00000233117;5.67014455860529;0.0;2
78660.00000233467;0.9794299582110021;0.0;4
78720.00000233816;0.14286492958625077;0.14285714285714285;3
78780.00000234165;1.740973998349208;0.0;2
78840.00000234514;12.267137327209257;0.0;3
78900.00000234864;0.0;0.0;1
78960.00000235213;2.254488181790714;0.0;3
79020.00000235562;0.0;0.0;0
79080.00000235911;0.0;0.0;1
79140.0000023626;0.0;0.0;2
79200.0000023661;7.251070222045115;0.0;1
79260.00000236959;0.0;0.0;2
79320.00000237308;8.621860784046024;0.0;2
79380.00000237658;0.0;0.0;0
79440.00000238007;1.612659416601808;0.0;1
79500.00000238356;0.0;0.0;0
79560.00000238705;0.07636752289780571;0.0;2
79620.00000239054;0.13991774092788453;0.0;2
79680.00000239404;0.0;0.0;1
79740.00000239753;4.690690478608036;0.0;1
79800.00000240102;0.0;0.0;0
79860.00000240451;7.177962609279368;0.0;2
79920.00000240801;7.038610043773217;0.0;1
79980.0000024115;6.6155183042176855;0.0;3
80040.00000241499;5.433948743881205;0.14285714285714285;5
80100.00000241848;0.06880105764997371;0.0;1
80160.00000242198;0.0;0.0;0
80220.00000242547;6.814918968897389;0.0;2
80280.00000242896;0.0;0.0;2
80340.00000243245;0.1875230803691772;0.14285714285714285;3
80400.00000243595;0.0;0.0;0
80460.00000243944;0.07530613863563877;0.0;1
80520.00000244293;0.0;0.0;0
80580.00000244642;0.06807614055037839;0.0;1
80640.00000244992;6.163236459778047;0.14285714285714285;5
80700.00000245341;0.06579194755066209;0.14285714285714285;3
80760.0000024569;0.07445418321536133;0.0;2
80820.0000024604;5.343146106070598;0.14285714285714285;5
80880.00000246389;0.06763966348064673;0.0;1
80940.00000246738;0.13648856418758634;0.0;4
81000.00000247087;0.0;0.0;1
81060.00000247436;0.07142857142857142;0.0;1
81120.00000247786;0.06722634860436158;0.0;1
81180.00000248135;10.698490589761757;0.0;2
81240.00000248484;0.0;0.0;0
81300.00000248833;8.014210745253976;0.0;4
81360.00000249183;0.0;0.0;0
81420.00000249532;0.07340310295154087;0.0;1
81480.00000249881;5.848491163520052;0.0;2
81540.0000025023;0.27029607941654327;0.0;2
81600.0000025058;0.1353171549575738;0.0;2
81660.00000250929;2.77617119320113;0.0;3
81720.00000251278;1.8516607358597246;0.0;2
81780.00000251627;0.06496594422121603;0.14285714285714285;2
81840.00000251977;0.07142934803024491;0.14285714285714285;3
81900.00000252326;0.07142857142857142;0.0;2
81960.00000252675;0.07142857142857142;0.0;1
82020.00000253024;0.0;0.0;0
82080.00000253374;0.5312828666798632;0.14285714285714285;3
82140.00000253723;0.0;0.0;1
82200.00000254072;6.84298652063833;0.0;4
82260.00000254421;0.5065029099931591;0.0;1
82320.0000025477;0.07385412648451928;0.0;1
82380.0000025512;0.0;0.0;0
82440.00000255469;0.03883362897972493;0.14285714285714285;3
82500.00000255818;0.13638951154556206;0.0;2
82560.00000256168;7.070784412180358;0.0;5
82620.00000256517;9.51003493767429;0.0;4
82680.00000256866;3.5019307759298512;0.14285714285714285;3
82740.00000257215;8.677198564907254;0.0;5
82800.00000257565;0.0756340439181675;0.14285714285714285;3
82860.00000257914;0.0;0.0;0
82920.00000258263;0.0;0.0;0
82980.00000258612;1.4995524243174514;0.0;1
83040.00000258962;0.0756809380541104;0.0;2
83100.00000259311;4.987368246772045;0.0;1
83160.0000025966;1.065917304751801;0.0;1
83220.00000260009;6.733728600463424;0.0;2
83280.00000260359;5.257860825017476;0.0;1
83340.00000260708;0.06773435032270693;0.0;1
83400.00000261057;6.565640228526891;0.0;2
83460.00000261406;16.067932720122094;0.0;4
83520.00000261755;1.7728882088786897;0.0;1
83580.00000262105;6.431604166376319;0.0;2
83640.00000262454;0.07186832144246381;0.0;1
83700.00000262803;0.06862171593355801;0.14285714285714285;2
83760.00000263152;0.0;0.0;1
83820.00000263502;0.0;0.0;0
83880.00000263851;0.0;0.0;1
83940.000002642;6.358997777307515;0.0;4
84000.0000026455;1.142725478305543;0.0;1
84060.00000264899;0.0;0.0;0
84120.00000265248;0.0533592256995631;0.14285714285714285;2
84180.00000265597;7.360069042764273;0.0;2
84240.00000265946;0.07142857142857142;0.0;2
84300.00000266296;14.870947549168376;0.0;2
84360.00000266645;5.291684117811849;0.0;2
84420.00000266994;0.07070133828278266;0.0;2
84480.00000267343;0.0;0.0;0
84540.00000267693;0.0;0.0;1
84600.00000268042;0.06430787613086303;0.0;1
84660.00000268391;4.025125088151398;0.0;3
84720.0000026874;0.0;0.0;0
84780.0000026909;0.14323576042117467;0.0;3
84840.00000269439;9.811186998012545;0.0;3
84900.00000269788;6.333713231894781;0.0;1
84960.00000270137;0.0;0.0;1
85020.00000270487;0.13417224679382603;0.0;1
85080.00000270836;5.7325675457456455;0.0;3
85140.00000271185;4.064380166268306;0.0;2
85200.00000271534;3.8846034967236336;0.0;3
85260.00000271884;0.0;0.0;0
85320.00000272233;0.06955746126895582;0.0;1
85380.00000272582;14.227123778323358;0.0;3
85440.00000272931;0.0;0.0;0
85500.0000027328;0.0;0.0;0
85560.0000027363;1.441129932730485;0.0;3
85620.00000273979;13.269532322137223;0.0;4
85680.00000274328;3.6079720601064484;0.0;3
85740.00000274678;0.0;0.0;1
85800.00000275027;0.0;0.0;1
85860.00000275376;6.842895184561216;0.14285714285714285;5
85920.00000275725;0.0;0.0;1
85980.00000276075;0.0;0.0;0
86040.00000276424;0.0;0.0;0
86100.00000276773;0.07582649968983919;0.0;1
86160.00000277122;0.0;0.0;0
86220.00000277472;0.06838151871573427;0.0;2
86280.00000277821;6.875558922279266;0.0;3
86340.0000027817;3.017684221605354;0.0;3
86400.0000027852;0.0;0.0;0
